file,only_in_original_count,only_in_final_count,only_in_original_sample,only_in_final_sample
1.json,0,10,,raw.lvl_learned_14|raw.lvl_learned_15|raw.move_id_14|raw.move_id_15|readable.lvl_learned_14
10.json,0,0,,
100.json,0,10,,raw.lvl_learned_16|raw.lvl_learned_17|raw.move_id_16|raw.move_id_17|readable.lvl_learned_16
101.json,0,20,,raw.lvl_learned_21|raw.lvl_learned_22|raw.lvl_learned_23|raw.lvl_learned_24|raw.move_id_21
102.json,0,5,,raw.lvl_learned_19|raw.move_id_19|readable.lvl_learned_19|readable.move_id_19|readable.move_id_19_index
103.json,0,15,,raw.lvl_learned_21|raw.lvl_learned_22|raw.lvl_learned_23|raw.move_id_21|raw.move_id_22
104.json,0,0,,
105.json,0,5,,raw.lvl_learned_21|raw.move_id_21|readable.lvl_learned_21|readable.move_id_21|readable.move_id_21_index
106.json,0,5,,raw.lvl_learned_22|raw.move_id_22|readable.lvl_learned_22|readable.move_id_22|readable.move_id_22_index
107.json,0,15,,raw.lvl_learned_22|raw.lvl_learned_23|raw.lvl_learned_24|raw.move_id_22|raw.move_id_23
108.json,0,5,,raw.lvl_learned_18|raw.move_id_18|readable.lvl_learned_18|readable.move_id_18|readable.move_id_18_index
109.json,0,0,,
11.json,0,0,,
110.json,0,5,,raw.lvl_learned_19|raw.move_id_19|readable.lvl_learned_19|readable.move_id_19|readable.move_id_19_index
111.json,0,5,,raw.lvl_learned_18|raw.move_id_18|readable.lvl_learned_18|readable.move_id_18|readable.move_id_18_index
112.json,0,20,,raw.lvl_learned_18|raw.lvl_learned_19|raw.lvl_learned_20|raw.lvl_learned_21|raw.move_id_18
113.json,0,0,,
114.json,0,5,,raw.lvl_learned_20|raw.move_id_20|readable.lvl_learned_20|readable.move_id_20|readable.move_id_20_index
115.json,0,0,,
116.json,0,5,,raw.lvl_learned_16|raw.move_id_16|readable.lvl_learned_16|readable.move_id_16|readable.move_id_16_index
117.json,0,15,,raw.lvl_learned_18|raw.lvl_learned_19|raw.lvl_learned_20|raw.move_id_18|raw.move_id_19
118.json,0,0,,
119.json,0,0,,
12.json,5,0,raw.lvl_learned_19|raw.move_id_19|readable.lvl_learned_19|readable.move_id_19|readable.move_id_19_index,
120.json,0,15,,raw.lvl_learned_21|raw.lvl_learned_22|raw.lvl_learned_23|raw.move_id_21|raw.move_id_22
121.json,0,15,,raw.lvl_learned_21|raw.lvl_learned_22|raw.lvl_learned_23|raw.move_id_21|raw.move_id_22
122.json,0,5,,raw.lvl_learned_23|raw.move_id_23|readable.lvl_learned_23|readable.move_id_23|readable.move_id_23_index
123.json,0,5,,raw.lvl_learned_20|raw.move_id_20|readable.lvl_learned_20|readable.move_id_20|readable.move_id_20_index
124.json,0,5,,raw.lvl_learned_19|raw.move_id_19|readable.lvl_learned_19|readable.move_id_19|readable.move_id_19_index
125.json,5,0,raw.lvl_learned_17|raw.move_id_17|readable.lvl_learned_17|readable.move_id_17|readable.move_id_17_index,
126.json,0,0,,
127.json,0,10,,raw.lvl_learned_20|raw.lvl_learned_21|raw.move_id_20|raw.move_id_21|readable.lvl_learned_20
128.json,0,5,,raw.lvl_learned_20|raw.move_id_20|readable.lvl_learned_20|readable.move_id_20|readable.move_id_20_index
129.json,0,0,,
13.json,0,0,,
130.json,0,5,,raw.lvl_learned_19|raw.move_id_19|readable.lvl_learned_19|readable.move_id_19|readable.move_id_19_index
131.json,0,10,,raw.lvl_learned_22|raw.lvl_learned_23|raw.move_id_22|raw.move_id_23|readable.lvl_learned_22
132.json,0,0,,
133.json,0,10,,raw.lvl_learned_16|raw.lvl_learned_17|raw.move_id_16|raw.move_id_17|readable.lvl_learned_16
134.json,0,10,,raw.lvl_learned_18|raw.lvl_learned_19|raw.move_id_18|raw.move_id_19|readable.lvl_learned_18
135.json,0,10,,raw.lvl_learned_18|raw.lvl_learned_19|raw.move_id_18|raw.move_id_19|readable.lvl_learned_18
136.json,0,10,,raw.lvl_learned_18|raw.lvl_learned_19|raw.move_id_18|raw.move_id_19|readable.lvl_learned_18
137.json,0,0,,
138.json,0,0,,
139.json,0,10,,raw.lvl_learned_17|raw.lvl_learned_18|raw.move_id_17|raw.move_id_18|readable.lvl_learned_17
14.json,0,0,,
140.json,0,15,,raw.lvl_learned_16|raw.lvl_learned_17|raw.lvl_learned_18|raw.move_id_16|raw.move_id_17
141.json,0,15,,raw.lvl_learned_20|raw.lvl_learned_21|raw.lvl_learned_22|raw.move_id_20|raw.move_id_21
142.json,0,5,,raw.lvl_learned_21|raw.move_id_21|readable.lvl_learned_21|readable.move_id_21|readable.move_id_21_index
143.json,0,15,,raw.lvl_learned_20|raw.lvl_learned_21|raw.lvl_learned_22|raw.move_id_20|raw.move_id_21
144.json,5,0,raw.lvl_learned_14|raw.move_id_14|readable.lvl_learned_14|readable.move_id_14|readable.move_id_14_index,
145.json,5,0,raw.lvl_learned_14|raw.move_id_14|readable.lvl_learned_14|readable.move_id_14|readable.move_id_14_index,
146.json,5,0,raw.lvl_learned_14|raw.move_id_14|readable.lvl_learned_14|readable.move_id_14|readable.move_id_14_index,
147.json,0,0,,
148.json,0,5,,raw.lvl_learned_16|raw.move_id_16|readable.lvl_learned_16|readable.move_id_16|readable.move_id_16_index
149.json,0,5,,raw.lvl_learned_21|raw.move_id_21|readable.lvl_learned_21|readable.move_id_21|readable.move_id_21_index
15.json,0,5,,raw.lvl_learned_15|raw.move_id_15|readable.lvl_learned_15|readable.move_id_15|readable.move_id_15_index
150.json,0,0,,
151.json,0,0,,
152.json,0,0,,
153.json,0,5,,raw.lvl_learned_19|raw.move_id_19|readable.lvl_learned_19|readable.move_id_19|readable.move_id_19_index
154.json,0,5,,raw.lvl_learned_21|raw.move_id_21|readable.lvl_learned_21|readable.move_id_21|readable.move_id_21_index
155.json,0,10,,raw.lvl_learned_15|raw.lvl_learned_16|raw.move_id_15|raw.move_id_16|readable.lvl_learned_15
156.json,0,10,,raw.lvl_learned_16|raw.lvl_learned_17|raw.move_id_16|raw.move_id_17|readable.lvl_learned_16
157.json,0,15,,raw.lvl_learned_18|raw.lvl_learned_19|raw.lvl_learned_20|raw.move_id_18|raw.move_id_19
158.json,0,0,,
159.json,0,0,,
16.json,0,15,,raw.lvl_learned_16|raw.lvl_learned_17|raw.lvl_learned_18|raw.move_id_16|raw.move_id_17
160.json,0,0,,
161.json,0,10,,raw.lvl_learned_14|raw.lvl_learned_15|raw.move_id_14|raw.move_id_15|readable.lvl_learned_14
162.json,0,10,,raw.lvl_learned_18|raw.lvl_learned_19|raw.move_id_18|raw.move_id_19|readable.lvl_learned_18
163.json,0,5,,raw.lvl_learned_17|raw.move_id_17|readable.lvl_learned_17|readable.move_id_17|readable.move_id_17_index
164.json,0,10,,raw.lvl_learned_20|raw.lvl_learned_21|raw.move_id_20|raw.move_id_21|readable.lvl_learned_20
165.json,0,15,,raw.lvl_learned_18|raw.lvl_learned_19|raw.lvl_learned_20|raw.move_id_18|raw.move_id_19
166.json,0,15,,raw.lvl_learned_21|raw.lvl_learned_22|raw.lvl_learned_23|raw.move_id_21|raw.move_id_22
167.json,0,0,,
168.json,0,0,,
169.json,0,15,,raw.lvl_learned_22|raw.lvl_learned_23|raw.lvl_learned_24|raw.move_id_22|raw.move_id_23
17.json,0,15,,raw.lvl_learned_16|raw.lvl_learned_17|raw.lvl_learned_18|raw.move_id_16|raw.move_id_17
170.json,0,10,,raw.lvl_learned_15|raw.lvl_learned_16|raw.move_id_15|raw.move_id_16|readable.lvl_learned_15
171.json,0,10,,raw.lvl_learned_20|raw.lvl_learned_21|raw.move_id_20|raw.move_id_21|readable.lvl_learned_20
172.json,0,25,,raw.lvl_learned_10|raw.lvl_learned_6|raw.lvl_learned_7|raw.lvl_learned_8|raw.lvl_learned_9
173.json,0,25,,raw.lvl_learned_10|raw.lvl_learned_11|raw.lvl_learned_7|raw.lvl_learned_8|raw.lvl_learned_9
174.json,0,80,,raw.lvl_learned_10|raw.lvl_learned_11|raw.lvl_learned_12|raw.lvl_learned_13|raw.lvl_learned_14
175.json,5,0,raw.lvl_learned_14|raw.move_id_14|readable.lvl_learned_14|readable.move_id_14|readable.move_id_14_index,
176.json,0,0,,
177.json,0,20,,raw.lvl_learned_16|raw.lvl_learned_17|raw.lvl_learned_18|raw.lvl_learned_19|raw.move_id_16
178.json,0,20,,raw.lvl_learned_18|raw.lvl_learned_19|raw.lvl_learned_20|raw.lvl_learned_21|raw.move_id_18
179.json,0,5,,raw.lvl_learned_15|raw.move_id_15|readable.lvl_learned_15|readable.move_id_15|readable.move_id_15_index
18.json,0,20,,raw.lvl_learned_19|raw.lvl_learned_20|raw.lvl_learned_21|raw.lvl_learned_22|raw.move_id_19
180.json,0,5,,raw.lvl_learned_18|raw.move_id_18|readable.lvl_learned_18|readable.move_id_18|readable.move_id_18_index
181.json,0,5,,raw.lvl_learned_23|raw.move_id_23|readable.lvl_learned_23|readable.move_id_23|readable.move_id_23_index
182.json,0,20,,raw.lvl_learned_21|raw.lvl_learned_22|raw.lvl_learned_23|raw.lvl_learned_24|raw.move_id_21
183.json,0,15,,raw.lvl_learned_20|raw.lvl_learned_21|raw.lvl_learned_22|raw.move_id_20|raw.move_id_21
184.json,0,15,,raw.lvl_learned_22|raw.lvl_learned_23|raw.lvl_learned_24|raw.move_id_22|raw.move_id_23
185.json,0,15,,raw.lvl_learned_21|raw.lvl_learned_22|raw.lvl_learned_23|raw.move_id_21|raw.move_id_22
186.json,0,5,,raw.lvl_learned_21|raw.move_id_21|readable.lvl_learned_21|readable.move_id_21|readable.move_id_21_index
187.json,0,5,,raw.lvl_learned_18|raw.move_id_18|readable.lvl_learned_18|readable.move_id_18|readable.move_id_18_index
188.json,0,0,,
189.json,0,5,,raw.lvl_learned_22|raw.move_id_22|readable.lvl_learned_22|readable.move_id_22|readable.move_id_22_index
19.json,0,5,,raw.lvl_learned_17|raw.move_id_17|readable.lvl_learned_17|readable.move_id_17|readable.move_id_17_index
190.json,0,0,,
191.json,0,10,,raw.lvl_learned_16|raw.lvl_learned_17|raw.move_id_16|raw.move_id_17|readable.lvl_learned_16
192.json,0,10,,raw.lvl_learned_18|raw.lvl_learned_19|raw.move_id_18|raw.move_id_19|readable.lvl_learned_18
193.json,0,10,,raw.lvl_learned_16|raw.lvl_learned_17|raw.move_id_16|raw.move_id_17|readable.lvl_learned_16
194.json,0,15,,raw.lvl_learned_13|raw.lvl_learned_14|raw.lvl_learned_15|raw.move_id_13|raw.move_id_14
195.json,0,15,,raw.lvl_learned_18|raw.lvl_learned_19|raw.lvl_learned_20|raw.move_id_18|raw.move_id_19
196.json,0,10,,raw.lvl_learned_18|raw.lvl_learned_19|raw.move_id_18|raw.move_id_19|readable.lvl_learned_18
197.json,0,10,,raw.lvl_learned_18|raw.lvl_learned_19|raw.move_id_18|raw.move_id_19|readable.lvl_learned_18
198.json,0,15,,raw.lvl_learned_18|raw.lvl_learned_19|raw.lvl_learned_20|raw.move_id_18|raw.move_id_19
199.json,0,10,,raw.lvl_learned_18|raw.lvl_learned_19|raw.move_id_18|raw.move_id_19|readable.lvl_learned_18
2.json,0,20,,raw.lvl_learned_17|raw.lvl_learned_18|raw.lvl_learned_19|raw.lvl_learned_20|raw.move_id_17
20.json,0,5,,raw.lvl_learned_19|raw.move_id_19|readable.lvl_learned_19|readable.move_id_19|readable.move_id_19_index
200.json,0,10,,raw.lvl_learned_17|raw.lvl_learned_18|raw.move_id_17|raw.move_id_18|readable.lvl_learned_17
201.json,0,0,,
202.json,0,0,,
203.json,0,15,,raw.lvl_learned_21|raw.lvl_learned_22|raw.lvl_learned_23|raw.move_id_21|raw.move_id_22
204.json,0,0,,
205.json,0,15,,raw.lvl_learned_21|raw.lvl_learned_22|raw.lvl_learned_23|raw.move_id_21|raw.move_id_22
206.json,0,10,,raw.lvl_learned_22|raw.lvl_learned_23|raw.move_id_22|raw.move_id_23|readable.lvl_learned_22
207.json,0,15,,raw.lvl_learned_18|raw.lvl_learned_19|raw.lvl_learned_20|raw.move_id_18|raw.move_id_19
208.json,0,10,,raw.lvl_learned_21|raw.lvl_learned_22|raw.move_id_21|raw.move_id_22|readable.lvl_learned_21
209.json,0,5,,raw.lvl_learned_18|raw.move_id_18|readable.lvl_learned_18|readable.move_id_18|readable.move_id_18_index
21.json,0,5,,raw.lvl_learned_20|raw.move_id_20|readable.lvl_learned_20|readable.move_id_20|readable.move_id_20_index
210.json,0,5,,raw.lvl_learned_23|raw.move_id_23|readable.lvl_learned_23|readable.move_id_23|readable.move_id_23_index
211.json,0,20,,raw.lvl_learned_19|raw.lvl_learned_20|raw.lvl_learned_21|raw.lvl_learned_22|raw.move_id_19
212.json,0,5,,raw.lvl_learned_20|raw.move_id_20|readable.lvl_learned_20|readable.move_id_20|readable.move_id_20_index
213.json,0,5,,raw.lvl_learned_18|raw.move_id_18|readable.lvl_learned_18|readable.move_id_18|readable.move_id_18_index
214.json,0,10,,raw.lvl_learned_20|raw.lvl_learned_21|raw.move_id_20|raw.move_id_21|readable.lvl_learned_20
215.json,0,0,,
216.json,0,10,,raw.lvl_learned_18|raw.lvl_learned_19|raw.move_id_18|raw.move_id_19|readable.lvl_learned_18
217.json,0,10,,raw.lvl_learned_22|raw.lvl_learned_23|raw.move_id_22|raw.move_id_23|readable.lvl_learned_22
218.json,0,10,,raw.lvl_learned_17|raw.lvl_learned_18|raw.move_id_17|raw.move_id_18|readable.lvl_learned_17
219.json,0,5,,raw.lvl_learned_21|raw.move_id_21|readable.lvl_learned_21|readable.move_id_21|readable.move_id_21_index
22.json,0,5,,raw.lvl_learned_20|raw.move_id_20|readable.lvl_learned_20|readable.move_id_20|readable.move_id_20_index
220.json,0,10,,raw.lvl_learned_15|raw.lvl_learned_16|raw.move_id_15|raw.move_id_16|readable.lvl_learned_15
221.json,0,10,,raw.lvl_learned_18|raw.lvl_learned_19|raw.move_id_18|raw.move_id_19|readable.lvl_learned_18
222.json,0,15,,raw.lvl_learned_20|raw.lvl_learned_21|raw.lvl_learned_22|raw.move_id_20|raw.move_id_21
223.json,0,5,,raw.lvl_learned_19|raw.move_id_19|readable.lvl_learned_19|readable.move_id_19|readable.move_id_19_index
224.json,0,15,,raw.lvl_learned_22|raw.lvl_learned_23|raw.lvl_learned_24|raw.move_id_22|raw.move_id_23
225.json,0,15,,raw.lvl_learned_18|raw.lvl_learned_19|raw.lvl_learned_20|raw.move_id_18|raw.move_id_19
226.json,0,0,,
227.json,0,5,,raw.lvl_learned_18|raw.move_id_18|readable.lvl_learned_18|readable.move_id_18|readable.move_id_18_index
228.json,0,5,,raw.lvl_learned_18|raw.move_id_18|readable.lvl_learned_18|readable.move_id_18|readable.move_id_18_index
229.json,0,20,,raw.lvl_learned_20|raw.lvl_learned_21|raw.lvl_learned_22|raw.lvl_learned_23|raw.move_id_20
23.json,0,10,,raw.lvl_learned_18|raw.lvl_learned_19|raw.move_id_18|raw.move_id_19|readable.lvl_learned_18
230.json,0,25,,raw.lvl_learned_20|raw.lvl_learned_21|raw.lvl_learned_22|raw.lvl_learned_23|raw.lvl_learned_24
231.json,0,15,,raw.lvl_learned_17|raw.lvl_learned_18|raw.lvl_learned_19|raw.move_id_17|raw.move_id_18
232.json,0,15,,raw.lvl_learned_19|raw.lvl_learned_20|raw.lvl_learned_21|raw.move_id_19|raw.move_id_20
233.json,0,0,,
234.json,0,5,,raw.lvl_learned_24|raw.move_id_24|readable.lvl_learned_24|readable.move_id_24|readable.move_id_24_index
235.json,0,0,,
236.json,10,0,raw.lvl_learned_11|raw.lvl_learned_12|raw.move_id_11|raw.move_id_12|readable.lvl_learned_11,
237.json,0,5,,raw.lvl_learned_22|raw.move_id_22|readable.lvl_learned_22|readable.move_id_22|readable.move_id_22_index
238.json,0,5,,raw.lvl_learned_16|raw.move_id_16|readable.lvl_learned_16|readable.move_id_16|readable.move_id_16_index
239.json,10,0,raw.lvl_learned_16|raw.lvl_learned_17|raw.move_id_16|raw.move_id_17|readable.lvl_learned_16,
24.json,0,10,,raw.lvl_learned_22|raw.lvl_learned_23|raw.move_id_22|raw.move_id_23|readable.lvl_learned_22
240.json,0,0,,
241.json,0,5,,raw.lvl_learned_20|raw.move_id_20|readable.lvl_learned_20|readable.move_id_20|readable.move_id_20_index
242.json,0,5,,raw.lvl_learned_19|raw.move_id_19|readable.lvl_learned_19|readable.move_id_19|readable.move_id_19_index
243.json,0,0,,
244.json,0,0,,
245.json,0,0,,
246.json,0,0,,
247.json,0,0,,
248.json,0,0,,
249.json,0,0,,
25.json,0,5,,raw.lvl_learned_21|raw.move_id_21|readable.lvl_learned_21|readable.move_id_21|readable.move_id_21_index
250.json,0,0,,
251.json,0,0,,
252.json,0,5,,raw.lvl_learned_16|raw.move_id_16|readable.lvl_learned_16|readable.move_id_16|readable.move_id_16_index
253.json,0,5,,raw.lvl_learned_18|raw.move_id_18|readable.lvl_learned_18|readable.move_id_18|readable.move_id_18_index
254.json,0,5,,raw.lvl_learned_22|raw.move_id_22|readable.lvl_learned_22|readable.move_id_22|readable.move_id_22_index
255.json,0,10,,raw.lvl_learned_14|raw.lvl_learned_15|raw.move_id_14|raw.move_id_15|readable.lvl_learned_14
256.json,0,10,,raw.lvl_learned_16|raw.lvl_learned_17|raw.move_id_16|raw.move_id_17|readable.lvl_learned_16
257.json,0,10,,raw.lvl_learned_21|raw.lvl_learned_22|raw.move_id_21|raw.move_id_22|readable.lvl_learned_21
258.json,0,0,,
259.json,0,0,,
26.json,0,5,,raw.lvl_learned_21|raw.move_id_21|readable.lvl_learned_21|readable.move_id_21|readable.move_id_21_index
260.json,0,5,,raw.lvl_learned_20|raw.move_id_20|readable.lvl_learned_20|readable.move_id_20|readable.move_id_20_index
261.json,0,0,,
262.json,0,0,,
263.json,0,5,,raw.lvl_learned_14|raw.move_id_14|readable.lvl_learned_14|readable.move_id_14|readable.move_id_14_index
264.json,0,5,,raw.lvl_learned_19|raw.move_id_19|readable.lvl_learned_19|readable.move_id_19|readable.move_id_19_index
265.json,0,0,,
266.json,0,0,,
267.json,0,5,,raw.lvl_learned_17|raw.move_id_17|readable.lvl_learned_17|readable.move_id_17|readable.move_id_17_index
268.json,0,0,,
269.json,0,5,,raw.lvl_learned_17|raw.move_id_17|readable.lvl_learned_17|readable.move_id_17|readable.move_id_17_index
27.json,0,0,,
270.json,0,0,,
271.json,0,0,,
272.json,0,0,,
273.json,0,0,,
274.json,0,5,,raw.lvl_learned_16|raw.move_id_16|readable.lvl_learned_16|readable.move_id_16|readable.move_id_16_index
275.json,0,15,,raw.lvl_learned_20|raw.lvl_learned_21|raw.lvl_learned_22|raw.move_id_20|raw.move_id_21
276.json,0,5,,raw.lvl_learned_15|raw.move_id_15|readable.lvl_learned_15|readable.move_id_15|readable.move_id_15_index
277.json,0,5,,raw.lvl_learned_19|raw.move_id_19|readable.lvl_learned_19|readable.move_id_19|readable.move_id_19_index
278.json,0,20,,raw.lvl_learned_16|raw.lvl_learned_17|raw.lvl_learned_18|raw.lvl_learned_19|raw.move_id_16
279.json,0,25,,raw.lvl_learned_19|raw.lvl_learned_20|raw.lvl_learned_21|raw.lvl_learned_22|raw.lvl_learned_23
28.json,0,5,,raw.lvl_learned_20|raw.move_id_20|readable.lvl_learned_20|readable.move_id_20|readable.move_id_20_index
280.json,0,10,,raw.lvl_learned_15|raw.lvl_learned_16|raw.move_id_15|raw.move_id_16|readable.lvl_learned_15
281.json,0,15,,raw.lvl_learned_16|raw.lvl_learned_17|raw.lvl_learned_18|raw.move_id_16|raw.move_id_17
282.json,0,30,,raw.lvl_learned_19|raw.lvl_learned_20|raw.lvl_learned_21|raw.lvl_learned_22|raw.lvl_learned_23
283.json,0,0,,
284.json,0,10,,raw.lvl_learned_22|raw.lvl_learned_23|raw.move_id_22|raw.move_id_23|readable.lvl_learned_22
285.json,0,5,,raw.lvl_learned_12|raw.move_id_12|readable.lvl_learned_12|readable.move_id_12|readable.move_id_12_index
286.json,0,15,,raw.lvl_learned_21|raw.lvl_learned_22|raw.lvl_learned_23|raw.move_id_21|raw.move_id_22
287.json,0,0,,
288.json,0,0,,
289.json,0,5,,raw.lvl_learned_20|raw.move_id_20|readable.lvl_learned_20|readable.move_id_20|readable.move_id_20_index
29.json,0,5,,raw.lvl_learned_14|raw.move_id_14|readable.lvl_learned_14|readable.move_id_14|readable.move_id_14_index
290.json,0,0,,
291.json,0,15,,raw.lvl_learned_13|raw.lvl_learned_14|raw.lvl_learned_15|raw.move_id_13|raw.move_id_14
292.json,0,15,,raw.lvl_learned_13|raw.lvl_learned_14|raw.lvl_learned_15|raw.move_id_13|raw.move_id_14
293.json,0,5,,raw.lvl_learned_15|raw.move_id_15|readable.lvl_learned_15|readable.move_id_15|readable.move_id_15_index
294.json,0,15,,raw.lvl_learned_18|raw.lvl_learned_19|raw.lvl_learned_20|raw.move_id_18|raw.move_id_19
295.json,0,15,,raw.lvl_learned_20|raw.lvl_learned_21|raw.lvl_learned_22|raw.move_id_20|raw.move_id_21
296.json,0,5,,raw.lvl_learned_12|raw.move_id_12|readable.lvl_learned_12|readable.move_id_12|readable.move_id_12_index
297.json,0,15,,raw.lvl_learned_18|raw.lvl_learned_19|raw.lvl_learned_20|raw.move_id_18|raw.move_id_19
298.json,5,0,raw.lvl_learned_10|raw.move_id_10|readable.lvl_learned_10|readable.move_id_10|readable.move_id_10_index,
299.json,0,5,,raw.lvl_learned_17|raw.move_id_17|readable.lvl_learned_17|readable.move_id_17|readable.move_id_17_index
3.json,0,10,,raw.lvl_learned_23|raw.lvl_learned_24|raw.move_id_23|raw.move_id_24|readable.lvl_learned_23
30.json,0,5,,raw.lvl_learned_15|raw.move_id_15|readable.lvl_learned_15|readable.move_id_15|readable.move_id_15_index
300.json,0,15,,raw.lvl_learned_18|raw.lvl_learned_19|raw.lvl_learned_20|raw.move_id_18|raw.move_id_19
301.json,0,20,,raw.lvl_learned_20|raw.lvl_learned_21|raw.lvl_learned_22|raw.lvl_learned_23|raw.move_id_20
302.json,0,20,,raw.lvl_learned_19|raw.lvl_learned_20|raw.lvl_learned_21|raw.lvl_learned_22|raw.move_id_19
303.json,0,5,,raw.lvl_learned_22|raw.move_id_22|readable.lvl_learned_22|readable.move_id_22|readable.move_id_22_index
304.json,0,5,,raw.lvl_learned_16|raw.move_id_16|readable.lvl_learned_16|readable.move_id_16|readable.move_id_16_index
305.json,0,10,,raw.lvl_learned_18|raw.lvl_learned_19|raw.move_id_18|raw.move_id_19|readable.lvl_learned_18
306.json,0,5,,raw.lvl_learned_22|raw.move_id_22|readable.lvl_learned_22|readable.move_id_22|readable.move_id_22_index
307.json,0,5,,raw.lvl_learned_16|raw.move_id_16|readable.lvl_learned_16|readable.move_id_16|readable.move_id_16_index
308.json,0,15,,raw.lvl_learned_21|raw.lvl_learned_22|raw.lvl_learned_23|raw.move_id_21|raw.move_id_22
309.json,0,5,,raw.lvl_learned_18|raw.move_id_18|readable.lvl_learned_18|readable.move_id_18|readable.move_id_18_index
31.json,0,5,,raw.lvl_learned_19|raw.move_id_19|readable.lvl_learned_19|readable.move_id_19|readable.move_id_19_index
310.json,0,15,,raw.lvl_learned_21|raw.lvl_learned_22|raw.lvl_learned_23|raw.move_id_21|raw.move_id_22
311.json,0,5,,raw.lvl_learned_21|raw.move_id_21|readable.lvl_learned_21|readable.move_id_21|readable.move_id_21_index
312.json,0,5,,raw.lvl_learned_21|raw.move_id_21|readable.lvl_learned_21|readable.move_id_21|readable.move_id_21_index
313.json,0,20,,raw.lvl_learned_18|raw.lvl_learned_19|raw.lvl_learned_20|raw.lvl_learned_21|raw.move_id_18
314.json,0,15,,raw.lvl_learned_19|raw.lvl_learned_20|raw.lvl_learned_21|raw.move_id_19|raw.move_id_20
315.json,0,10,,raw.lvl_learned_14|raw.lvl_learned_15|raw.move_id_14|raw.move_id_15|readable.lvl_learned_14
316.json,0,10,,raw.lvl_learned_15|raw.lvl_learned_16|raw.move_id_15|raw.move_id_16|readable.lvl_learned_15
317.json,0,15,,raw.lvl_learned_18|raw.lvl_learned_19|raw.lvl_learned_20|raw.move_id_18|raw.move_id_19
318.json,0,10,,raw.lvl_learned_14|raw.lvl_learned_15|raw.move_id_14|raw.move_id_15|readable.lvl_learned_14
319.json,0,20,,raw.lvl_learned_17|raw.lvl_learned_18|raw.lvl_learned_19|raw.lvl_learned_20|raw.move_id_17
32.json,0,5,,raw.lvl_learned_14|raw.move_id_14|readable.lvl_learned_14|readable.move_id_14|readable.move_id_14_index
320.json,0,30,,raw.lvl_learned_16|raw.lvl_learned_17|raw.lvl_learned_18|raw.lvl_learned_19|raw.lvl_learned_20
321.json,0,30,,raw.lvl_learned_17|raw.lvl_learned_18|raw.lvl_learned_19|raw.lvl_learned_20|raw.lvl_learned_21
322.json,0,15,,raw.lvl_learned_18|raw.lvl_learned_19|raw.lvl_learned_20|raw.move_id_18|raw.move_id_19
323.json,0,25,,raw.lvl_learned_20|raw.lvl_learned_21|raw.lvl_learned_22|raw.lvl_learned_23|raw.lvl_learned_24
324.json,0,15,,raw.lvl_learned_18|raw.lvl_learned_19|raw.lvl_learned_20|raw.move_id_18|raw.move_id_19
325.json,0,15,,raw.lvl_learned_12|raw.lvl_learned_13|raw.lvl_learned_14|raw.move_id_12|raw.move_id_13
326.json,0,30,,raw.lvl_learned_17|raw.lvl_learned_18|raw.lvl_learned_19|raw.lvl_learned_20|raw.lvl_learned_21
327.json,0,20,,raw.lvl_learned_20|raw.lvl_learned_21|raw.lvl_learned_22|raw.lvl_learned_23|raw.move_id_20
328.json,0,5,,raw.lvl_learned_13|raw.move_id_13|readable.lvl_learned_13|readable.move_id_13|readable.move_id_13_index
329.json,0,10,,raw.lvl_learned_18|raw.lvl_learned_19|raw.move_id_18|raw.move_id_19|readable.lvl_learned_18
33.json,0,5,,raw.lvl_learned_15|raw.move_id_15|readable.lvl_learned_15|readable.move_id_15|readable.move_id_15_index
330.json,0,10,,raw.lvl_learned_22|raw.lvl_learned_23|raw.move_id_22|raw.move_id_23|readable.lvl_learned_22
331.json,0,5,,raw.lvl_learned_16|raw.move_id_16|readable.lvl_learned_16|readable.move_id_16|readable.move_id_16_index
332.json,0,15,,raw.lvl_learned_20|raw.lvl_learned_21|raw.lvl_learned_22|raw.move_id_20|raw.move_id_21
333.json,0,20,,raw.lvl_learned_17|raw.lvl_learned_18|raw.lvl_learned_19|raw.lvl_learned_20|raw.move_id_17
334.json,0,20,,raw.lvl_learned_20|raw.lvl_learned_21|raw.lvl_learned_22|raw.lvl_learned_23|raw.move_id_20
335.json,0,20,,raw.lvl_learned_18|raw.lvl_learned_19|raw.lvl_learned_20|raw.lvl_learned_21|raw.move_id_18
336.json,0,15,,raw.lvl_learned_21|raw.lvl_learned_22|raw.lvl_learned_23|raw.move_id_21|raw.move_id_22
337.json,0,15,,raw.lvl_learned_21|raw.lvl_learned_22|raw.lvl_learned_23|raw.move_id_21|raw.move_id_22
338.json,0,15,,raw.lvl_learned_21|raw.lvl_learned_22|raw.lvl_learned_23|raw.move_id_21|raw.move_id_22
339.json,0,5,,raw.lvl_learned_14|raw.move_id_14|readable.lvl_learned_14|readable.move_id_14|readable.move_id_14_index
34.json,0,5,,raw.lvl_learned_19|raw.move_id_19|readable.lvl_learned_19|readable.move_id_19|readable.move_id_19_index
340.json,0,25,,raw.lvl_learned_20|raw.lvl_learned_21|raw.lvl_learned_22|raw.lvl_learned_23|raw.lvl_learned_24
341.json,0,0,,
342.json,0,15,,raw.lvl_learned_20|raw.lvl_learned_21|raw.lvl_learned_22|raw.move_id_20|raw.move_id_21
343.json,0,5,,raw.lvl_learned_17|raw.move_id_17|readable.lvl_learned_17|readable.move_id_17|readable.move_id_17_index
344.json,0,5,,raw.lvl_learned_19|raw.move_id_19|readable.lvl_learned_19|readable.move_id_19|readable.move_id_19_index
345.json,0,0,,
346.json,0,15,,raw.lvl_learned_19|raw.lvl_learned_20|raw.lvl_learned_21|raw.move_id_19|raw.move_id_20
347.json,0,0,,
348.json,0,15,,raw.lvl_learned_20|raw.lvl_learned_21|raw.lvl_learned_22|raw.move_id_20|raw.move_id_21
349.json,0,5,,raw.lvl_learned_7|raw.move_id_7|readable.lvl_learned_7|readable.move_id_7|readable.move_id_7_index
35.json,0,5,,raw.lvl_learned_17|raw.move_id_17|readable.lvl_learned_17|readable.move_id_17|readable.move_id_17_index
350.json,0,30,,raw.lvl_learned_18|raw.lvl_learned_19|raw.lvl_learned_20|raw.lvl_learned_21|raw.lvl_learned_22
351.json,0,10,,raw.lvl_learned_22|raw.lvl_learned_23|raw.move_id_22|raw.move_id_23|readable.lvl_learned_22
352.json,0,15,,raw.lvl_learned_20|raw.lvl_learned_21|raw.lvl_learned_22|raw.move_id_20|raw.move_id_21
353.json,0,0,,
354.json,0,15,,raw.lvl_learned_21|raw.lvl_learned_22|raw.lvl_learned_23|raw.move_id_21|raw.move_id_22
355.json,0,5,,raw.lvl_learned_14|raw.move_id_14|readable.lvl_learned_14|readable.move_id_14|readable.move_id_14_index
356.json,0,5,,raw.lvl_learned_18|raw.move_id_18|readable.lvl_learned_18|readable.move_id_18|readable.move_id_18_index
357.json,0,5,,raw.lvl_learned_22|raw.move_id_22|readable.lvl_learned_22|readable.move_id_22|readable.move_id_22_index
358.json,0,25,,raw.lvl_learned_18|raw.lvl_learned_19|raw.lvl_learned_20|raw.lvl_learned_21|raw.lvl_learned_22
359.json,0,15,,raw.lvl_learned_20|raw.lvl_learned_21|raw.lvl_learned_22|raw.move_id_20|raw.move_id_21
36.json,0,10,,raw.lvl_learned_20|raw.lvl_learned_21|raw.move_id_20|raw.move_id_21|readable.lvl_learned_20
360.json,0,0,,
361.json,0,0,,
362.json,0,15,,raw.lvl_learned_18|raw.lvl_learned_19|raw.lvl_learned_20|raw.move_id_18|raw.move_id_19
363.json,0,10,,raw.lvl_learned_18|raw.lvl_learned_19|raw.move_id_18|raw.move_id_19|readable.lvl_learned_18
364.json,0,10,,raw.lvl_learned_18|raw.lvl_learned_19|raw.move_id_18|raw.move_id_19|readable.lvl_learned_18
365.json,0,25,,raw.lvl_learned_20|raw.lvl_learned_21|raw.lvl_learned_22|raw.lvl_learned_23|raw.lvl_learned_24
366.json,0,0,,
367.json,0,15,,raw.lvl_learned_19|raw.lvl_learned_20|raw.lvl_learned_21|raw.move_id_19|raw.move_id_20
368.json,0,15,,raw.lvl_learned_19|raw.lvl_learned_20|raw.lvl_learned_21|raw.move_id_19|raw.move_id_20
369.json,0,15,,raw.lvl_learned_18|raw.lvl_learned_19|raw.lvl_learned_20|raw.move_id_18|raw.move_id_19
37.json,0,0,,
370.json,0,15,,raw.lvl_learned_18|raw.lvl_learned_19|raw.lvl_learned_20|raw.move_id_18|raw.move_id_19
371.json,0,0,,
372.json,0,0,,
373.json,0,5,,raw.lvl_learned_22|raw.move_id_22|readable.lvl_learned_22|readable.move_id_22|readable.move_id_22_index
374.json,0,25,,raw.lvl_learned_5|raw.lvl_learned_6|raw.lvl_learned_7|raw.lvl_learned_8|raw.lvl_learned_9
375.json,0,5,,raw.lvl_learned_16|raw.move_id_16|readable.lvl_learned_16|readable.move_id_16|readable.move_id_16_index
376.json,0,15,,raw.lvl_learned_19|raw.lvl_learned_20|raw.lvl_learned_21|raw.move_id_19|raw.move_id_20
377.json,0,0,,
378.json,0,0,,
379.json,0,0,,
38.json,0,10,,raw.lvl_learned_21|raw.lvl_learned_22|raw.move_id_21|raw.move_id_22|readable.lvl_learned_21
380.json,0,0,,
381.json,0,0,,
382.json,0,0,,
383.json,0,0,,
384.json,0,0,,
385.json,0,0,,
386.json,0,0,,
387.json,0,0,,
388.json,0,5,,raw.lvl_learned_17|raw.move_id_17|readable.lvl_learned_17|readable.move_id_17|readable.move_id_17_index
389.json,0,10,,raw.lvl_learned_21|raw.lvl_learned_22|raw.move_id_21|raw.move_id_22|readable.lvl_learned_21
39.json,0,30,,raw.lvl_learned_19|raw.lvl_learned_20|raw.lvl_learned_21|raw.lvl_learned_22|raw.lvl_learned_23
390.json,0,5,,raw.lvl_learned_14|raw.move_id_14|readable.lvl_learned_14|readable.move_id_14|readable.move_id_14_index
391.json,0,10,,raw.lvl_learned_18|raw.lvl_learned_19|raw.move_id_18|raw.move_id_19|readable.lvl_learned_18
392.json,0,10,,raw.lvl_learned_22|raw.lvl_learned_23|raw.move_id_22|raw.move_id_23|readable.lvl_learned_22
393.json,0,0,,
394.json,0,5,,raw.lvl_learned_18|raw.move_id_18|readable.lvl_learned_18|readable.move_id_18|readable.move_id_18_index
395.json,0,5,,raw.lvl_learned_21|raw.move_id_21|readable.lvl_learned_21|readable.move_id_21|readable.move_id_21_index
396.json,0,0,,
397.json,0,0,,
398.json,0,0,,
399.json,0,0,,
4.json,0,10,,raw.lvl_learned_19|raw.lvl_learned_20|raw.move_id_19|raw.move_id_20|readable.lvl_learned_19
40.json,0,15,,raw.lvl_learned_22|raw.lvl_learned_23|raw.lvl_learned_24|raw.move_id_22|raw.move_id_23
400.json,0,0,,
401.json,5,0,raw.lvl_learned_9|raw.move_id_9|readable.lvl_learned_9|readable.move_id_9|readable.move_id_9_index,
402.json,0,0,,
403.json,0,5,,raw.lvl_learned_16|raw.move_id_16|readable.lvl_learned_16|readable.move_id_16|readable.move_id_16_index
404.json,0,10,,raw.lvl_learned_19|raw.lvl_learned_20|raw.move_id_19|raw.move_id_20|readable.lvl_learned_19
405.json,0,15,,raw.lvl_learned_21|raw.lvl_learned_22|raw.lvl_learned_23|raw.move_id_21|raw.move_id_22
406.json,0,10,,raw.lvl_learned_12|raw.lvl_learned_13|raw.move_id_12|raw.move_id_13|readable.lvl_learned_12
407.json,0,20,,raw.lvl_learned_16|raw.lvl_learned_17|raw.lvl_learned_18|raw.lvl_learned_19|raw.move_id_16
408.json,0,10,,raw.lvl_learned_15|raw.lvl_learned_16|raw.move_id_15|raw.move_id_16|readable.lvl_learned_15
409.json,0,15,,raw.lvl_learned_18|raw.lvl_learned_19|raw.lvl_learned_20|raw.move_id_18|raw.move_id_19
41.json,0,0,,
410.json,0,0,,
411.json,0,10,,raw.lvl_learned_20|raw.lvl_learned_21|raw.move_id_20|raw.move_id_21|readable.lvl_learned_20
412.json,0,0,,
413.json,0,0,,
414.json,0,0,,
415.json,0,0,,
416.json,0,20,,raw.lvl_learned_17|raw.lvl_learned_18|raw.lvl_learned_19|raw.lvl_learned_20|raw.move_id_17
417.json,0,10,,raw.lvl_learned_18|raw.lvl_learned_19|raw.move_id_18|raw.move_id_19|readable.lvl_learned_18
418.json,5,0,raw.lvl_learned_14|raw.move_id_14|readable.lvl_learned_14|readable.move_id_14|readable.move_id_14_index,
419.json,0,5,,raw.lvl_learned_21|raw.move_id_21|readable.lvl_learned_21|readable.move_id_21|readable.move_id_21_index
42.json,0,5,,raw.lvl_learned_20|raw.move_id_20|readable.lvl_learned_20|readable.move_id_20|readable.move_id_20_index
420.json,0,0,,
421.json,0,10,,raw.lvl_learned_21|raw.lvl_learned_22|raw.move_id_21|raw.move_id_22|readable.lvl_learned_21
422.json,0,0,,
423.json,0,100,,raw.lvl_learned_20|raw.lvl_learned_21|raw.lvl_learned_22|raw.lvl_learned_23|raw.lvl_learned_24
424.json,0,0,,
425.json,0,5,,raw.lvl_learned_19|raw.move_id_19|readable.lvl_learned_19|readable.move_id_19|readable.move_id_19_index
426.json,0,10,,raw.lvl_learned_22|raw.lvl_learned_23|raw.move_id_22|raw.move_id_23|readable.lvl_learned_22
427.json,0,0,,
428.json,0,10,,raw.lvl_learned_22|raw.lvl_learned_23|raw.move_id_22|raw.move_id_23|readable.lvl_learned_22
429.json,0,10,,raw.lvl_learned_19|raw.lvl_learned_20|raw.move_id_19|raw.move_id_20|readable.lvl_learned_19
43.json,0,10,,raw.lvl_learned_19|raw.lvl_learned_20|raw.move_id_19|raw.move_id_20|readable.lvl_learned_19
430.json,0,15,,raw.lvl_learned_21|raw.lvl_learned_22|raw.lvl_learned_23|raw.move_id_21|raw.move_id_22
431.json,5,0,raw.lvl_learned_17|raw.move_id_17|readable.lvl_learned_17|readable.move_id_17|readable.move_id_17_index,
432.json,0,5,,raw.lvl_learned_22|raw.move_id_22|readable.lvl_learned_22|readable.move_id_22|readable.move_id_22_index
433.json,0,0,,
434.json,0,10,,raw.lvl_learned_17|raw.lvl_learned_18|raw.move_id_17|raw.move_id_18|readable.lvl_learned_17
435.json,0,10,,raw.lvl_learned_21|raw.lvl_learned_22|raw.move_id_21|raw.move_id_22|readable.lvl_learned_21
436.json,0,10,,raw.lvl_learned_16|raw.lvl_learned_17|raw.move_id_16|raw.move_id_17|readable.lvl_learned_16
437.json,0,15,,raw.lvl_learned_19|raw.lvl_learned_20|raw.lvl_learned_21|raw.move_id_19|raw.move_id_20
438.json,0,10,,raw.lvl_learned_15|raw.lvl_learned_16|raw.move_id_15|raw.move_id_16|readable.lvl_learned_15
439.json,0,0,,
44.json,0,15,,raw.lvl_learned_20|raw.lvl_learned_21|raw.lvl_learned_22|raw.move_id_20|raw.move_id_21
440.json,0,0,,
441.json,0,20,,raw.lvl_learned_17|raw.lvl_learned_18|raw.lvl_learned_19|raw.lvl_learned_20|raw.move_id_17
442.json,0,15,,raw.lvl_learned_18|raw.lvl_learned_19|raw.lvl_learned_20|raw.move_id_18|raw.move_id_19
443.json,0,5,,raw.lvl_learned_13|raw.move_id_13|readable.lvl_learned_13|readable.move_id_13|readable.move_id_13_index
444.json,0,10,,raw.lvl_learned_17|raw.lvl_learned_18|raw.move_id_17|raw.move_id_18|readable.lvl_learned_17
445.json,0,10,,raw.lvl_learned_20|raw.lvl_learned_21|raw.move_id_20|raw.move_id_21|readable.lvl_learned_20
446.json,20,0,raw.lvl_learned_13|raw.lvl_learned_14|raw.lvl_learned_15|raw.lvl_learned_16|raw.move_id_13,
447.json,0,5,,raw.lvl_learned_16|raw.move_id_16|readable.lvl_learned_16|readable.move_id_16|readable.move_id_16_index
448.json,0,5,,raw.lvl_learned_23|raw.move_id_23|readable.lvl_learned_23|readable.move_id_23|readable.move_id_23_index
449.json,0,5,,raw.lvl_learned_16|raw.move_id_16|readable.lvl_learned_16|readable.move_id_16|readable.move_id_16_index
45.json,0,15,,raw.lvl_learned_22|raw.lvl_learned_23|raw.lvl_learned_24|raw.move_id_22|raw.move_id_23
450.json,0,10,,raw.lvl_learned_20|raw.lvl_learned_21|raw.move_id_20|raw.move_id_21|readable.lvl_learned_20
451.json,0,0,,
452.json,0,0,,
453.json,0,10,,raw.lvl_learned_18|raw.lvl_learned_19|raw.move_id_18|raw.move_id_19|readable.lvl_learned_18
454.json,0,10,,raw.lvl_learned_21|raw.lvl_learned_22|raw.move_id_21|raw.move_id_22|readable.lvl_learned_21
455.json,5,0,raw.lvl_learned_23|raw.move_id_23|readable.lvl_learned_23|readable.move_id_23|readable.move_id_23_index,
456.json,0,30,,raw.lvl_learned_18|raw.lvl_learned_19|raw.lvl_learned_20|raw.lvl_learned_21|raw.lvl_learned_22
457.json,0,30,,raw.lvl_learned_18|raw.lvl_learned_19|raw.lvl_learned_20|raw.lvl_learned_21|raw.lvl_learned_22
458.json,0,0,,
459.json,0,0,,
46.json,0,10,,raw.lvl_learned_15|raw.lvl_learned_16|raw.move_id_15|raw.move_id_16|readable.lvl_learned_15
460.json,0,0,,
461.json,0,5,,raw.lvl_learned_21|raw.move_id_21|readable.lvl_learned_21|readable.move_id_21|readable.move_id_21_index
462.json,0,0,,
463.json,0,5,,raw.lvl_learned_21|raw.move_id_21|readable.lvl_learned_21|readable.move_id_21|readable.move_id_21_index
464.json,0,5,,raw.lvl_learned_21|raw.move_id_21|readable.lvl_learned_21|readable.move_id_21|readable.move_id_21_index
465.json,0,5,,raw.lvl_learned_20|raw.move_id_20|readable.lvl_learned_20|readable.move_id_20|readable.move_id_20_index
466.json,0,10,,raw.lvl_learned_20|raw.lvl_learned_21|raw.move_id_20|raw.move_id_21|readable.lvl_learned_20
467.json,0,5,,raw.lvl_learned_21|raw.move_id_21|readable.lvl_learned_21|readable.move_id_21|readable.move_id_21_index
468.json,0,0,,
469.json,0,15,,raw.lvl_learned_19|raw.lvl_learned_20|raw.lvl_learned_21|raw.move_id_19|raw.move_id_20
47.json,0,15,,raw.lvl_learned_21|raw.lvl_learned_22|raw.lvl_learned_23|raw.move_id_21|raw.move_id_22
470.json,0,10,,raw.lvl_learned_18|raw.lvl_learned_19|raw.move_id_18|raw.move_id_19|readable.lvl_learned_18
471.json,0,10,,raw.lvl_learned_18|raw.lvl_learned_19|raw.move_id_18|raw.move_id_19|readable.lvl_learned_18
472.json,0,15,,raw.lvl_learned_21|raw.lvl_learned_22|raw.lvl_learned_23|raw.move_id_21|raw.move_id_22
473.json,0,10,,raw.lvl_learned_20|raw.lvl_learned_21|raw.move_id_20|raw.move_id_21|readable.lvl_learned_20
474.json,0,0,,
475.json,0,25,,raw.lvl_learned_20|raw.lvl_learned_21|raw.lvl_learned_22|raw.lvl_learned_23|raw.lvl_learned_24
476.json,0,15,,raw.lvl_learned_19|raw.lvl_learned_20|raw.lvl_learned_21|raw.move_id_19|raw.move_id_20
477.json,0,5,,raw.lvl_learned_21|raw.move_id_21|readable.lvl_learned_21|readable.move_id_21|readable.move_id_21_index
478.json,0,15,,raw.lvl_learned_18|raw.lvl_learned_19|raw.lvl_learned_20|raw.move_id_18|raw.move_id_19
479.json,5,0,raw.lvl_learned_24|raw.move_id_24|readable.lvl_learned_24|readable.move_id_24|readable.move_id_24_index,
48.json,0,5,,raw.lvl_learned_15|raw.move_id_15|readable.lvl_learned_15|readable.move_id_15|readable.move_id_15_index
480.json,0,0,,
481.json,0,0,,
482.json,0,0,,
483.json,0,5,,raw.lvl_learned_13|raw.move_id_13|readable.lvl_learned_13|readable.move_id_13|readable.move_id_13_index
484.json,0,5,,raw.lvl_learned_13|raw.move_id_13|readable.lvl_learned_13|readable.move_id_13|readable.move_id_13_index
485.json,0,5,,raw.lvl_learned_13|raw.move_id_13|readable.lvl_learned_13|readable.move_id_13|readable.move_id_13_index
486.json,0,0,,
487.json,0,5,,raw.lvl_learned_13|raw.move_id_13|readable.lvl_learned_13|readable.move_id_13|readable.move_id_13_index
488.json,0,0,,
489.json,0,0,,
49.json,0,15,,raw.lvl_learned_21|raw.lvl_learned_22|raw.lvl_learned_23|raw.move_id_21|raw.move_id_22
490.json,0,0,,
491.json,0,0,,
492.json,0,0,,
493.json,0,0,,
494.json,0,5,,raw.lvl_learned_17|raw.move_id_17|readable.lvl_learned_17|readable.move_id_17|readable.move_id_17_index
495.json,0,0,,
496.json,0,5,,raw.lvl_learned_19|raw.move_id_19|readable.lvl_learned_19|readable.move_id_19|readable.move_id_19_index
497.json,0,10,,raw.lvl_learned_23|raw.lvl_learned_24|raw.move_id_23|raw.move_id_24|readable.lvl_learned_23
498.json,0,0,,
499.json,0,5,,raw.lvl_learned_17|raw.move_id_17|readable.lvl_learned_17|readable.move_id_17|readable.move_id_17_index
5.json,0,10,,raw.lvl_learned_19|raw.lvl_learned_20|raw.move_id_19|raw.move_id_20|readable.lvl_learned_19
50.json,0,0,,
500.json,0,15,,raw.lvl_learned_22|raw.lvl_learned_23|raw.lvl_learned_24|raw.move_id_22|raw.move_id_23
501.json,0,10,,raw.lvl_learned_15|raw.lvl_learned_16|raw.move_id_15|raw.move_id_16|readable.lvl_learned_15
502.json,0,10,,raw.lvl_learned_18|raw.lvl_learned_19|raw.move_id_18|raw.move_id_19|readable.lvl_learned_18
503.json,0,10,,raw.lvl_learned_22|raw.lvl_learned_23|raw.move_id_22|raw.move_id_23|readable.lvl_learned_22
504.json,0,0,,
505.json,0,5,,raw.lvl_learned_19|raw.move_id_19|readable.lvl_learned_19|readable.move_id_19|readable.move_id_19_index
506.json,0,0,,
507.json,0,0,,
508.json,0,5,,raw.lvl_learned_20|raw.move_id_20|readable.lvl_learned_20|readable.move_id_20|readable.move_id_20_index
509.json,0,10,,raw.lvl_learned_21|raw.lvl_learned_22|raw.move_id_21|raw.move_id_22|readable.lvl_learned_21
51.json,0,0,,
510.json,0,10,,raw.lvl_learned_21|raw.lvl_learned_22|raw.move_id_21|raw.move_id_22|readable.lvl_learned_21
511.json,0,0,,
512.json,0,0,,
513.json,0,0,,
514.json,0,0,,
515.json,0,0,,
516.json,0,0,,
517.json,0,15,,raw.lvl_learned_19|raw.lvl_learned_20|raw.lvl_learned_21|raw.move_id_19|raw.move_id_20
518.json,0,10,,raw.lvl_learned_23|raw.lvl_learned_24|raw.move_id_23|raw.move_id_24|readable.lvl_learned_23
519.json,0,0,,
52.json,0,0,,
520.json,0,0,,
521.json,0,5,,raw.lvl_learned_22|raw.move_id_22|readable.lvl_learned_22|readable.move_id_22|readable.move_id_22_index
522.json,0,10,,raw.lvl_learned_17|raw.lvl_learned_18|raw.move_id_17|raw.move_id_18|readable.lvl_learned_17
523.json,0,20,,raw.lvl_learned_20|raw.lvl_learned_21|raw.lvl_learned_22|raw.lvl_learned_23|raw.move_id_20
524.json,0,0,,
525.json,0,0,,
526.json,0,10,,raw.lvl_learned_20|raw.lvl_learned_21|raw.move_id_20|raw.move_id_21|readable.lvl_learned_20
527.json,0,5,,raw.lvl_learned_15|raw.move_id_15|readable.lvl_learned_15|readable.move_id_15|readable.move_id_15_index
528.json,0,5,,raw.lvl_learned_22|raw.move_id_22|readable.lvl_learned_22|readable.move_id_22|readable.move_id_22_index
529.json,0,5,,raw.lvl_learned_18|raw.move_id_18|readable.lvl_learned_18|readable.move_id_18|readable.move_id_18_index
53.json,0,5,,raw.lvl_learned_23|raw.move_id_23|readable.lvl_learned_23|readable.move_id_23|readable.move_id_23_index
530.json,0,10,,raw.lvl_learned_20|raw.lvl_learned_21|raw.move_id_20|raw.move_id_21|readable.lvl_learned_20
531.json,0,20,,raw.lvl_learned_19|raw.lvl_learned_20|raw.lvl_learned_21|raw.lvl_learned_22|raw.move_id_19
532.json,0,5,,raw.lvl_learned_16|raw.move_id_16|readable.lvl_learned_16|readable.move_id_16|readable.move_id_16_index
533.json,0,5,,raw.lvl_learned_17|raw.move_id_17|readable.lvl_learned_17|readable.move_id_17|readable.move_id_17_index
534.json,0,10,,raw.lvl_learned_20|raw.lvl_learned_21|raw.move_id_20|raw.move_id_21|readable.lvl_learned_20
535.json,0,0,,
536.json,0,5,,raw.lvl_learned_19|raw.move_id_19|readable.lvl_learned_19|readable.move_id_19|readable.move_id_19_index
537.json,0,5,,raw.lvl_learned_22|raw.move_id_22|readable.lvl_learned_22|readable.move_id_22|readable.move_id_22_index
538.json,5,0,raw.lvl_learned_21|raw.move_id_21|readable.lvl_learned_21|readable.move_id_21|readable.move_id_21_index,
539.json,5,0,raw.lvl_learned_21|raw.move_id_21|readable.lvl_learned_21|readable.move_id_21|readable.move_id_21_index,
54.json,0,15,,raw.lvl_learned_18|raw.lvl_learned_19|raw.lvl_learned_20|raw.move_id_18|raw.move_id_19
540.json,0,0,,
541.json,0,0,,
542.json,0,20,,raw.lvl_learned_20|raw.lvl_learned_21|raw.lvl_learned_22|raw.lvl_learned_23|raw.move_id_20
543.json,0,0,,
544.json,0,0,,
545.json,0,5,,raw.lvl_learned_22|raw.move_id_22|readable.lvl_learned_22|readable.move_id_22|readable.move_id_22_index
546.json,0,5,,raw.lvl_learned_19|raw.move_id_19|readable.lvl_learned_19|readable.move_id_19|readable.move_id_19_index
547.json,0,5,,raw.lvl_learned_23|raw.move_id_23|readable.lvl_learned_23|readable.move_id_23|readable.move_id_23_index
548.json,0,0,,
549.json,0,15,,raw.lvl_learned_21|raw.lvl_learned_22|raw.lvl_learned_23|raw.move_id_21|raw.move_id_22
55.json,0,15,,raw.lvl_learned_22|raw.lvl_learned_23|raw.lvl_learned_24|raw.move_id_22|raw.move_id_23
550.json,0,20,,raw.lvl_learned_19|raw.lvl_learned_20|raw.lvl_learned_21|raw.lvl_learned_22|raw.move_id_19
551.json,0,5,,raw.lvl_learned_17|raw.move_id_17|readable.lvl_learned_17|readable.move_id_17|readable.move_id_17_index
552.json,0,10,,raw.lvl_learned_18|raw.lvl_learned_19|raw.move_id_18|raw.move_id_19|readable.lvl_learned_18
553.json,0,10,,raw.lvl_learned_21|raw.lvl_learned_22|raw.move_id_21|raw.move_id_22|readable.lvl_learned_21
554.json,0,10,,raw.lvl_learned_16|raw.lvl_learned_17|raw.move_id_16|raw.move_id_17|readable.lvl_learned_16
555.json,0,15,,raw.lvl_learned_18|raw.lvl_learned_19|raw.lvl_learned_20|raw.move_id_18|raw.move_id_19
556.json,0,15,,raw.lvl_learned_20|raw.lvl_learned_21|raw.lvl_learned_22|raw.move_id_20|raw.move_id_21
557.json,0,25,,raw.lvl_learned_18|raw.lvl_learned_19|raw.lvl_learned_20|raw.lvl_learned_21|raw.lvl_learned_22
558.json,0,20,,raw.lvl_learned_19|raw.lvl_learned_20|raw.lvl_learned_21|raw.lvl_learned_22|raw.move_id_19
559.json,0,25,,raw.lvl_learned_17|raw.lvl_learned_18|raw.lvl_learned_19|raw.lvl_learned_20|raw.lvl_learned_21
56.json,0,5,,raw.lvl_learned_16|raw.move_id_16|readable.lvl_learned_16|readable.move_id_16|readable.move_id_16_index
560.json,0,15,,raw.lvl_learned_19|raw.lvl_learned_20|raw.lvl_learned_21|raw.move_id_19|raw.move_id_20
561.json,0,10,,raw.lvl_learned_22|raw.lvl_learned_23|raw.move_id_22|raw.move_id_23|readable.lvl_learned_22
562.json,0,25,,raw.lvl_learned_17|raw.lvl_learned_18|raw.lvl_learned_19|raw.lvl_learned_20|raw.lvl_learned_21
563.json,0,10,,raw.lvl_learned_20|raw.lvl_learned_21|raw.move_id_20|raw.move_id_21|readable.lvl_learned_20
564.json,0,20,,raw.lvl_learned_18|raw.lvl_learned_19|raw.lvl_learned_20|raw.lvl_learned_21|raw.move_id_18
565.json,0,15,,raw.lvl_learned_19|raw.lvl_learned_20|raw.lvl_learned_21|raw.move_id_19|raw.move_id_20
566.json,0,10,,raw.lvl_learned_18|raw.lvl_learned_19|raw.move_id_18|raw.move_id_19|readable.lvl_learned_18
567.json,0,10,,raw.lvl_learned_19|raw.lvl_learned_20|raw.move_id_19|raw.move_id_20|readable.lvl_learned_19
568.json,0,5,,raw.lvl_learned_19|raw.move_id_19|readable.lvl_learned_19|readable.move_id_19|readable.move_id_19_index
569.json,0,5,,raw.lvl_learned_21|raw.move_id_21|readable.lvl_learned_21|readable.move_id_21|readable.move_id_21_index
57.json,0,15,,raw.lvl_learned_19|raw.lvl_learned_20|raw.lvl_learned_21|raw.move_id_19|raw.move_id_20
570.json,0,10,,raw.lvl_learned_16|raw.lvl_learned_17|raw.move_id_16|raw.move_id_17|readable.lvl_learned_16
571.json,0,20,,raw.lvl_learned_19|raw.lvl_learned_20|raw.lvl_learned_21|raw.lvl_learned_22|raw.move_id_19
572.json,0,10,,raw.lvl_learned_20|raw.lvl_learned_21|raw.move_id_20|raw.move_id_21|readable.lvl_learned_20
573.json,0,10,,raw.lvl_learned_21|raw.lvl_learned_22|raw.move_id_21|raw.move_id_22|readable.lvl_learned_21
574.json,0,10,,raw.lvl_learned_16|raw.lvl_learned_17|raw.move_id_16|raw.move_id_17|readable.lvl_learned_16
575.json,0,10,,raw.lvl_learned_16|raw.lvl_learned_17|raw.move_id_16|raw.move_id_17|readable.lvl_learned_16
576.json,0,15,,raw.lvl_learned_19|raw.lvl_learned_20|raw.lvl_learned_21|raw.move_id_19|raw.move_id_20
577.json,0,5,,raw.lvl_learned_17|raw.move_id_17|readable.lvl_learned_17|readable.move_id_17|readable.move_id_17_index
578.json,0,10,,raw.lvl_learned_19|raw.lvl_learned_20|raw.move_id_19|raw.move_id_20|readable.lvl_learned_19
579.json,0,10,,raw.lvl_learned_21|raw.lvl_learned_22|raw.move_id_21|raw.move_id_22|readable.lvl_learned_21
58.json,0,10,,raw.lvl_learned_18|raw.lvl_learned_19|raw.move_id_18|raw.move_id_19|readable.lvl_learned_18
580.json,0,10,,raw.lvl_learned_15|raw.lvl_learned_16|raw.move_id_15|raw.move_id_16|readable.lvl_learned_15
581.json,0,20,,raw.lvl_learned_17|raw.lvl_learned_18|raw.lvl_learned_19|raw.lvl_learned_20|raw.move_id_17
582.json,0,10,,raw.lvl_learned_15|raw.lvl_learned_16|raw.move_id_15|raw.move_id_16|readable.lvl_learned_15
583.json,0,20,,raw.lvl_learned_19|raw.lvl_learned_20|raw.lvl_learned_21|raw.lvl_learned_22|raw.move_id_19
584.json,0,20,,raw.lvl_learned_20|raw.lvl_learned_21|raw.lvl_learned_22|raw.lvl_learned_23|raw.move_id_20
585.json,0,5,,raw.lvl_learned_16|raw.move_id_16|readable.lvl_learned_16|readable.move_id_16|readable.move_id_16_index
586.json,0,115,,raw.lvl_learned_21|raw.lvl_learned_22|raw.lvl_learned_23|raw.lvl_learned_24|raw.lvl_learned_25
587.json,0,20,,raw.lvl_learned_20|raw.lvl_learned_21|raw.lvl_learned_22|raw.lvl_learned_23|raw.move_id_20
588.json,0,5,,raw.lvl_learned_16|raw.move_id_16|readable.lvl_learned_16|readable.move_id_16|readable.move_id_16_index
589.json,0,10,,raw.lvl_learned_21|raw.lvl_learned_22|raw.move_id_21|raw.move_id_22|readable.lvl_learned_21
59.json,0,10,,raw.lvl_learned_20|raw.lvl_learned_21|raw.move_id_20|raw.move_id_21|readable.lvl_learned_20
590.json,0,15,,raw.lvl_learned_18|raw.lvl_learned_19|raw.lvl_learned_20|raw.move_id_18|raw.move_id_19
591.json,0,15,,raw.lvl_learned_20|raw.lvl_learned_21|raw.lvl_learned_22|raw.move_id_20|raw.move_id_21
592.json,0,15,,raw.lvl_learned_14|raw.lvl_learned_15|raw.lvl_learned_16|raw.move_id_14|raw.move_id_15
593.json,0,20,,raw.lvl_learned_19|raw.lvl_learned_20|raw.lvl_learned_21|raw.lvl_learned_22|raw.move_id_19
594.json,0,30,,raw.lvl_learned_19|raw.lvl_learned_20|raw.lvl_learned_21|raw.lvl_learned_22|raw.lvl_learned_23
595.json,0,5,,raw.lvl_learned_19|raw.move_id_19|readable.lvl_learned_19|readable.move_id_19|readable.move_id_19_index
596.json,0,5,,raw.lvl_learned_22|raw.move_id_22|readable.lvl_learned_22|readable.move_id_22|readable.move_id_22_index
597.json,0,0,,
598.json,5,0,raw.lvl_learned_19|raw.move_id_19|readable.lvl_learned_19|readable.move_id_19|readable.move_id_19_index,
599.json,0,0,,
6.json,0,15,,raw.lvl_learned_21|raw.lvl_learned_22|raw.lvl_learned_23|raw.move_id_21|raw.move_id_22
60.json,0,0,,
600.json,0,5,,raw.lvl_learned_17|raw.move_id_17|readable.lvl_learned_17|readable.move_id_17|readable.move_id_17_index
601.json,0,5,,raw.lvl_learned_20|raw.move_id_20|readable.lvl_learned_20|readable.move_id_20|readable.move_id_20_index
602.json,0,0,,
603.json,0,10,,raw.lvl_learned_19|raw.lvl_learned_20|raw.move_id_19|raw.move_id_20|readable.lvl_learned_19
604.json,0,10,,raw.lvl_learned_22|raw.lvl_learned_23|raw.move_id_22|raw.move_id_23|readable.lvl_learned_22
605.json,0,5,,raw.lvl_learned_19|raw.move_id_19|readable.lvl_learned_19|readable.move_id_19|readable.move_id_19_index
606.json,0,5,,raw.lvl_learned_22|raw.move_id_22|readable.lvl_learned_22|readable.move_id_22|readable.move_id_22_index
607.json,10,0,raw.lvl_learned_15|raw.lvl_learned_16|raw.move_id_15|raw.move_id_16|readable.lvl_learned_15,
608.json,5,0,raw.lvl_learned_17|raw.move_id_17|readable.lvl_learned_17|readable.move_id_17|readable.move_id_17_index,
609.json,5,0,raw.lvl_learned_19|raw.move_id_19|readable.lvl_learned_19|readable.move_id_19|readable.move_id_19_index,
61.json,0,5,,raw.lvl_learned_16|raw.move_id_16|readable.lvl_learned_16|readable.move_id_16|readable.move_id_16_index
610.json,0,5,,raw.lvl_learned_16|raw.move_id_16|readable.lvl_learned_16|readable.move_id_16|readable.move_id_16_index
611.json,0,10,,raw.lvl_learned_18|raw.lvl_learned_19|raw.move_id_18|raw.move_id_19|readable.lvl_learned_18
612.json,0,15,,raw.lvl_learned_20|raw.lvl_learned_21|raw.lvl_learned_22|raw.move_id_20|raw.move_id_21
613.json,0,20,,raw.lvl_learned_18|raw.lvl_learned_19|raw.lvl_learned_20|raw.lvl_learned_21|raw.move_id_18
614.json,0,25,,raw.lvl_learned_20|raw.lvl_learned_21|raw.lvl_learned_22|raw.lvl_learned_23|raw.lvl_learned_24
615.json,0,15,,raw.lvl_learned_18|raw.lvl_learned_19|raw.lvl_learned_20|raw.move_id_18|raw.move_id_19
616.json,0,5,,raw.lvl_learned_15|raw.move_id_15|readable.lvl_learned_15|readable.move_id_15|readable.move_id_15_index
617.json,0,10,,raw.lvl_learned_19|raw.lvl_learned_20|raw.move_id_19|raw.move_id_20|readable.lvl_learned_19
618.json,5,0,raw.lvl_learned_20|raw.move_id_20|readable.lvl_learned_20|readable.move_id_20|readable.move_id_20_index,
619.json,0,10,,raw.lvl_learned_16|raw.lvl_learned_17|raw.move_id_16|raw.move_id_17|readable.lvl_learned_16
62.json,0,10,,raw.lvl_learned_20|raw.lvl_learned_21|raw.move_id_20|raw.move_id_21|readable.lvl_learned_20
620.json,0,10,,raw.lvl_learned_20|raw.lvl_learned_21|raw.move_id_20|raw.move_id_21|readable.lvl_learned_20
621.json,0,0,,
622.json,0,15,,raw.lvl_learned_18|raw.lvl_learned_19|raw.lvl_learned_20|raw.move_id_18|raw.move_id_19
623.json,0,5,,raw.lvl_learned_23|raw.move_id_23|readable.lvl_learned_23|readable.move_id_23|readable.move_id_23_index
624.json,0,0,,
625.json,0,0,,
626.json,0,5,,raw.lvl_learned_20|raw.move_id_20|readable.lvl_learned_20|readable.move_id_20|readable.move_id_20_index
627.json,5,0,raw.lvl_learned_17|raw.move_id_17|readable.lvl_learned_17|readable.move_id_17|readable.move_id_17_index,
628.json,5,0,raw.lvl_learned_19|raw.move_id_19|readable.lvl_learned_19|readable.move_id_19|readable.move_id_19_index,
629.json,0,10,,raw.lvl_learned_17|raw.lvl_learned_18|raw.move_id_17|raw.move_id_18|readable.lvl_learned_17
63.json,0,0,,
630.json,0,10,,raw.lvl_learned_19|raw.lvl_learned_20|raw.move_id_19|raw.move_id_20|readable.lvl_learned_19
631.json,0,15,,raw.lvl_learned_20|raw.lvl_learned_21|raw.lvl_learned_22|raw.move_id_20|raw.move_id_21
632.json,0,15,,raw.lvl_learned_18|raw.lvl_learned_19|raw.lvl_learned_20|raw.move_id_18|raw.move_id_19
633.json,0,0,,
634.json,0,0,,
635.json,0,10,,raw.lvl_learned_22|raw.lvl_learned_23|raw.move_id_22|raw.move_id_23|readable.lvl_learned_22
636.json,0,0,,
637.json,0,0,,
638.json,0,0,,
639.json,0,0,,
64.json,0,0,,
640.json,0,0,,
641.json,0,0,,
642.json,0,0,,
643.json,0,0,,
644.json,0,0,,
645.json,0,0,,
646.json,0,0,,
647.json,0,0,,
648.json,0,0,,
649.json,0,5,,raw.lvl_learned_19|raw.move_id_19|readable.lvl_learned_19|readable.move_id_19|readable.move_id_19_index
65.json,0,10,,raw.lvl_learned_20|raw.lvl_learned_21|raw.move_id_20|raw.move_id_21|readable.lvl_learned_20
652.json,0,5,,raw.lvl_learned_21|raw.move_id_21|readable.lvl_learned_21|readable.move_id_21|readable.move_id_21_index
654.json,0,5,,raw.lvl_learned_21|raw.move_id_21|readable.lvl_learned_21|readable.move_id_21|readable.move_id_21_index
655.json,0,0,,
66.json,0,0,,
67.json,0,5,,raw.lvl_learned_19|raw.move_id_19|readable.lvl_learned_19|readable.move_id_19|readable.move_id_19_index
68.json,0,5,,raw.lvl_learned_22|raw.move_id_22|readable.lvl_learned_22|readable.move_id_22|readable.move_id_22_index
685.json,0,0,,
686.json,10,0,raw.lvl_learned_14|raw.lvl_learned_15|raw.move_id_14|raw.move_id_15|readable.lvl_learned_14,
687.json,0,0,,
688.json,0,0,,
689.json,0,0,,
69.json,0,5,,raw.lvl_learned_16|raw.move_id_16|readable.lvl_learned_16|readable.move_id_16|readable.move_id_16_index
692.json,5,0,raw.lvl_learned_24|raw.move_id_24|readable.lvl_learned_24|readable.move_id_24|readable.move_id_24_index,
693.json,5,0,raw.lvl_learned_24|raw.move_id_24|readable.lvl_learned_24|readable.move_id_24|readable.move_id_24_index,
694.json,5,0,raw.lvl_learned_24|raw.move_id_24|readable.lvl_learned_24|readable.move_id_24|readable.move_id_24_index,
695.json,5,0,raw.lvl_learned_24|raw.move_id_24|readable.lvl_learned_24|readable.move_id_24|readable.move_id_24_index,
696.json,5,0,raw.lvl_learned_24|raw.move_id_24|readable.lvl_learned_24|readable.move_id_24|readable.move_id_24_index,
697.json,0,60,,raw.lvl_learned_12|raw.lvl_learned_13|raw.lvl_learned_14|raw.lvl_learned_15|raw.lvl_learned_16
698.json,0,60,,raw.lvl_learned_12|raw.lvl_learned_13|raw.lvl_learned_14|raw.lvl_learned_15|raw.lvl_learned_16
699.json,0,60,,raw.lvl_learned_12|raw.lvl_learned_13|raw.lvl_learned_14|raw.lvl_learned_15|raw.lvl_learned_16
7.json,0,10,,raw.lvl_learned_20|raw.lvl_learned_21|raw.move_id_20|raw.move_id_21|readable.lvl_learned_20
70.json,0,5,,raw.lvl_learned_20|raw.move_id_20|readable.lvl_learned_20|readable.move_id_20|readable.move_id_20_index
700.json,0,20,,raw.lvl_learned_19|raw.lvl_learned_20|raw.lvl_learned_21|raw.lvl_learned_22|raw.move_id_19
701.json,0,15,,raw.lvl_learned_18|raw.lvl_learned_19|raw.lvl_learned_20|raw.move_id_18|raw.move_id_19
703.json,0,0,,
704.json,0,0,,
71.json,0,10,,raw.lvl_learned_21|raw.lvl_learned_22|raw.move_id_21|raw.move_id_22|readable.lvl_learned_21
72.json,0,25,,raw.lvl_learned_16|raw.lvl_learned_17|raw.lvl_learned_18|raw.lvl_learned_19|raw.lvl_learned_20
73.json,0,25,,raw.lvl_learned_18|raw.lvl_learned_19|raw.lvl_learned_20|raw.lvl_learned_21|raw.lvl_learned_22
74.json,0,10,,raw.lvl_learned_16|raw.lvl_learned_17|raw.move_id_16|raw.move_id_17|readable.lvl_learned_16
75.json,0,15,,raw.lvl_learned_18|raw.lvl_learned_19|raw.lvl_learned_20|raw.move_id_18|raw.move_id_19
76.json,0,15,,raw.lvl_learned_21|raw.lvl_learned_22|raw.lvl_learned_23|raw.move_id_21|raw.move_id_22
77.json,0,5,,raw.lvl_learned_19|raw.move_id_19|readable.lvl_learned_19|readable.move_id_19|readable.move_id_19_index
78.json,0,15,,raw.lvl_learned_22|raw.lvl_learned_23|raw.lvl_learned_24|raw.move_id_22|raw.move_id_23
79.json,0,0,,
8.json,0,10,,raw.lvl_learned_20|raw.lvl_learned_21|raw.move_id_20|raw.move_id_21|readable.lvl_learned_20
80.json,0,10,,raw.lvl_learned_18|raw.lvl_learned_19|raw.move_id_18|raw.move_id_19|readable.lvl_learned_18
81.json,5,0,raw.lvl_learned_16|raw.move_id_16|readable.lvl_learned_16|readable.move_id_16|readable.move_id_16_index,
82.json,0,0,,
83.json,0,15,,raw.lvl_learned_23|raw.lvl_learned_24|raw.lvl_learned_25|raw.move_id_23|raw.move_id_24
84.json,0,5,,raw.lvl_learned_19|raw.move_id_19|readable.lvl_learned_19|readable.move_id_19|readable.move_id_19_index
85.json,0,5,,raw.lvl_learned_21|raw.move_id_21|readable.lvl_learned_21|readable.move_id_21|readable.move_id_21_index
86.json,0,15,,raw.lvl_learned_17|raw.lvl_learned_18|raw.lvl_learned_19|raw.move_id_17|raw.move_id_18
87.json,0,25,,raw.lvl_learned_21|raw.lvl_learned_22|raw.lvl_learned_23|raw.lvl_learned_24|raw.lvl_learned_25
88.json,0,0,,
89.json,0,10,,raw.lvl_learned_20|raw.lvl_learned_21|raw.move_id_20|raw.move_id_21|readable.lvl_learned_20
9.json,0,10,,raw.lvl_learned_22|raw.lvl_learned_23|raw.move_id_22|raw.move_id_23|readable.lvl_learned_22
90.json,0,10,,raw.lvl_learned_16|raw.lvl_learned_17|raw.move_id_16|raw.move_id_17|readable.lvl_learned_16
91.json,0,15,,raw.lvl_learned_21|raw.lvl_learned_22|raw.lvl_learned_23|raw.move_id_21|raw.move_id_22
92.json,0,10,,raw.lvl_learned_17|raw.lvl_learned_18|raw.move_id_17|raw.move_id_18|readable.lvl_learned_17
93.json,0,10,,raw.lvl_learned_18|raw.lvl_learned_19|raw.move_id_18|raw.move_id_19|readable.lvl_learned_18
94.json,0,10,,raw.lvl_learned_21|raw.lvl_learned_22|raw.move_id_21|raw.move_id_22|readable.lvl_learned_21
95.json,0,10,,raw.lvl_learned_21|raw.lvl_learned_22|raw.move_id_21|raw.move_id_22|readable.lvl_learned_21
96.json,0,10,,raw.lvl_learned_18|raw.lvl_learned_19|raw.move_id_18|raw.move_id_19|readable.lvl_learned_18
97.json,0,10,,raw.lvl_learned_21|raw.lvl_learned_22|raw.move_id_21|raw.move_id_22|readable.lvl_learned_21
98.json,0,0,,
99.json,0,0,,