trainer,index,type,subject,input,calc
"Ace Trainer Belle",0,ability,"Heatmor","","tough claws"
"Ace Trainer Belle",0,moves,"Heatmor","[]","['fire lash', 'iron head', 'obstruct', 'zen headbutt']"
"Ace Trainer Belle",1,ability,"Ninjask","","speed boost"
"Ace Trainer Belle",1,moves,"Ninjask","[]","['fury swipes', 'pin missile', 'razor winds', 'substitute']"
"Ace Trainer Belle",2,ability,"Lopunny","","scrappy"
"Ace Trainer Belle",2,moves,"Lopunny","[]","['fake out', 'last resort', 'none']"
"Ace Trainer Belle",3,ability,"Lucario","","trace"
"Ace Trainer Belle",3,moves,"Lucario","[]","['aura sphere', 'detect', 'extreme speed', 'iron tail']"
"Ace Trainer Geoff",0,ability,"Cacturne","","sand rush"
"Ace Trainer Geoff",0,moves,"Cacturne","[]","['leaf storm', 'phantom strike', 'spikes', 'weather crash']"
"Ace Trainer Geoff",1,ability,"Typhlosion","","mild"
"Ace Trainer Geoff",1,moves,"Typhlosion","[]","['eruption', 'flamethrower', 'protect', 'scorching sands']"
"Ace Trainer Geoff",2,ability,"Rampardos","","sheer force"
"Ace Trainer Geoff",2,moves,"Rampardos","[]","['fire punch', 'ice punch', 'rock climb', 'thunder punch']"
"Ace Trainer Geoff",3,ability,"Probopass","","bold"
"Ace Trainer Geoff",3,moves,"Probopass","[]","['ancient power', 'earth power', 'flash cannon', 'thunder wave']"
"Ace Trainer Lydon",0,ability,"Lapras","","refrigerate"
"Ace Trainer Lydon",0,moves,"Lapras","[]","['hydro pump', 'hyper voice', 'sing', 'thunderbolt']"
"Ace Trainer Lydon",1,ability,"Dewgong","","keen senses"
"Ace Trainer Lydon",1,moves,"Dewgong","[]","['freeze-dry', 'safeguard', 'thunder', 'water pulse']"
"Ace Trainer Lydon",2,ability,"Noctowl","","overcoat"
"Ace Trainer Lydon",2,moves,"Noctowl","[]","['blizzard', 'moonblast', 'psychic', 'shadow ball']"
"Ace Trainer Lydon",3,ability,"Beartic","","slush rush"
"Ace Trainer Lydon",3,moves,"Beartic","[]","['hammer arm', 'ice hammer', 'night slash', 'play rough']"
"Ace Trainer Mary",0,ability,"Rapidash","","drought"
"Ace Trainer Mary",0,moves,"Rapidash","[]","['flare blitz', 'protect', 'starburst', 'wild charge']"
"Ace Trainer Mary",1,ability,"Druddigon","","sheer force"
"Ace Trainer Mary",1,moves,"Druddigon","[]","['dragon rush', 'fire punch', 'stealth rock', 'thunder punch']"
"Ace Trainer Mary",2,ability,"Gigalith","","chlorophyll"
"Ace Trainer Mary",2,moves,"Gigalith","[]","['power gem', 'solar beam', 'thunderbolt', 'weather ball']"
"Ace Trainer Mary",3,ability,"Magmortar","","no guard"
"Ace Trainer Mary",3,moves,"Magmortar","[]","['flamethrower', 'focus blast', 'solar beam', 'thunder']"
"Ace Trainer Shaye",0,ability,"Mamoswine","","berserk"
"Ace Trainer Shaye",0,moves,"Mamoswine","[]","['earth power', 'freeze-dry', 'rock slide', 'thrash']"
"Ace Trainer Shaye",1,ability,"Zebstrika","","reckless"
"Ace Trainer Shaye",1,moves,"Zebstrika","[]","['double-edge', 'protect', 'temper flare', 'wild charge']"
"Ace Trainer Shaye",2,ability,"Krookodile","","docile"
"Ace Trainer Shaye",2,moves,"Krookodile","[]","['psychic fangs', 'swagger', 'thunder fang', 'wicked blow']"
"Ace Trainer Shaye",3,ability,"Stunfisk","","dry skin"
"Ace Trainer Shaye",3,moves,"Stunfisk","[]","['earth power', 'gunk shot', 'liquidation', 'zing zap']"
"Ace Trainer Vicki",0,ability,"Rotom","","galvanize"
"Ace Trainer Vicki",0,moves,"Rotom","[]","['confuse ray', 'energy ball', 'hyper voice', 'ominous wind']"
"Ace Trainer Vicki",1,ability,"Illumise","","pixilate"
"Ace Trainer Vicki",1,moves,"Illumise","[]","['fake out', 'helping hand', 'return', 'zing zap']"
"Ace Trainer Vicki",2,ability,"Kecleon","","quirky"
"Ace Trainer Vicki",2,moves,"Kecleon","[]","['drain punch', 'protect', 'sucker punch', 'thunder punch']"
"Ace Trainer Vicki",3,ability,"Gengar","","levitate"
"Ace Trainer Vicki",3,moves,"Gengar","[]","['destiny bond', 'shadow ball', 'sludge bomb', 'thunder']"
"Artist Horton",0,ability,"Smeargle","","savant"
"Artist Horton",0,moves,"Smeargle","[]","['blizzard', 'heat wave', 'iron tail', 'muddy water']"
"Artist Horton",1,ability,"Muk","","contagious"
"Artist Horton",1,moves,"Muk","[]","['crunch', 'fire fang', 'poison jab', 'sucker punch']"
"Artist Horton",2,ability,"Kecleon","","adaptability"
"Artist Horton",2,moves,"Kecleon","[]","['crush claw', 'dual chop', 'shadow claw', 'shadow sneak']"
"Backers Ava & Aya",0,ability,"Lopunny","","scrappy"
"Backers Ava & Aya",0,moves,"Lopunny","[]","['attract', 'brick break', 'fake out', 'rage']"
"Backers Ava & Aya",1,ability,"Braviary","","defiant"
"Backers Ava & Aya",1,moves,"Braviary","[]","['dual wingbeat', 'retaliate', 'rock slide', 'thrash']"
"Backers Ava & Aya",2,ability,"Exploud","","scrappy"
"Backers Ava & Aya",2,moves,"Exploud","[]","['bug buzz', 'flamethrower', 'hyper voice', 'ice beam']"
"Backers Ava & Aya",3,ability,"Togekiss","","serene grace"
"Backers Ava & Aya",3,moves,"Togekiss","[]","['air slash', 'draining kiss', 'roost', 'water pulse']"
"Backers Stu & Art",0,ability,"Heracross","","guts"
"Backers Stu & Art",0,moves,"Heracross","[]","['drain punch', 'revenge', 'rock tomb', 'x-scissor']"
"Backers Stu & Art",1,ability,"Rotom","","levitate"
"Backers Stu & Art",1,moves,"Rotom","[]","['air cutter', 'leaf tornado', 'shock wave', 'water pulse']"
"Backers Stu & Art",2,ability,"Vanilluxe","","weak armor"
"Backers Stu & Art",2,moves,"Vanilluxe","[]","['glaciate', 'sludge', 'sweet scent', 'water pulse']"
"Backers Stu & Art",3,ability,"Slaking","","slow start"
"Backers Stu & Art",3,moves,"Slaking","[]","['body slam', 'crunch', 'skill swap', 'slack off']"
"Backpacker Annie",0,ability,"Donphan","","pickup"
"Backpacker Annie",0,moves,"Donphan","[]","['drill run', 'rollout', 'seed bomb', 'spin out']"
"Backpacker Annie",1,ability,"Steelix","","heatproof"
"Backpacker Annie",1,moves,"Steelix","[]","['crunch', 'dragon rush', 'earthquake', 'iron tail']"
"Backpacker Annie",2,ability,"Crawdaunt","","adaptability"
"Backpacker Annie",2,moves,"Crawdaunt","[]","['dark pulse', 'surf', 'waterfall', 'zen headbutt']"
"Backpacker Annie",3,ability,"Maractus","","storm drain"
"Backpacker Annie",3,moves,"Maractus","[]","['earthquake', 'needle arm', 'swords dance', 'thunder punch']"
"Backpacker Eileen",0,ability,"Walrein","","thick fat"
"Backpacker Eileen",0,moves,"Walrein","[]","['crunch', 'icicle crash', 'liquidation', 'psychic fangs']"
"Backpacker Eileen",1,ability,"Camerupt","","sheer force"
"Backpacker Eileen",1,moves,"Camerupt","[]","['earth power', 'heat wave', 'uproar', 'yawn']"
"Backpacker Kendall",0,ability,"Exeggutor","","berserk"
"Backpacker Kendall",0,moves,"Exeggutor","[]","['dream eater', 'seed bomb', 'sleep powder', 'stompin tantrum']"
"Backpacker Kendall",1,ability,"Magcargo","","gooey"
"Backpacker Kendall",1,moves,"Magcargo","[]","['flame burst', 'recover', 'scald', 'sparkle']"
"Backpacker Kendall",2,ability,"Azumarill","","huge power"
"Backpacker Kendall",2,moves,"Azumarill","[]","['bubble beam', 'dizzy punch', 'rock smash', 'work up']"
"Backpacker Kendall",3,ability,"Hariyama","","sheer force"
"Backpacker Kendall",3,moves,"Hariyama","[]","['beat up', 'body slam', 'rock slide', 'vital throw']"
"Backpacker Rachel",0,ability,"Beedrill","","levitate"
"Backpacker Rachel",0,moves,"Beedrill","[]","['drill run', 'knock off', 'leech life', 'poison jab']"
"Backpacker Rachel",1,ability,"Pelipper","","torrent"
"Backpacker Rachel",1,moves,"Pelipper","[]","['air slash', 'brine', 'roost', 'supersonic']"
"Backpacker Randall",0,ability,"Tangrowth","","overgrow"
"Backpacker Randall",0,moves,"Tangrowth","[]","['energy ball', 'focus blast', 'helping hand', 'sludge bomb']"
"Backpacker Randall",1,ability,"Druddigon","","rough skin"
"Backpacker Randall",1,moves,"Druddigon","[]","['devour', 'iron head', 'rock climb', 'temper flare']"
"Backpacker Roland",0,ability,"Hippowdon","","rough skin"
"Backpacker Roland",0,moves,"Hippowdon","[]","['earthquake', 'rock slide', 'slack off', 'thunder fang']"
"Backpacker Roland",1,ability,"Breloom","","technician"
"Backpacker Roland",1,moves,"Breloom","[]","['arm thrust', 'bullet seed', 'comet punch', 'spore']"
"Backpacker Sam",0,ability,"Camerupt","","solid rock"
"Backpacker Sam",0,moves,"Camerupt","[]","['blaze kick', 'rock slide', 'scorching sands', 'smog']"
"Backpacker Sam",1,ability,"Cacturne","","sand veil"
"Backpacker Sam",1,moves,"Cacturne","[]","['barb barrage', 'needle arm', 'shadow punch', 'substitute']"
"Backpacker Tami",0,ability,"Clefable","","magic guard"
"Backpacker Tami",0,moves,"Clefable","[]","['draining kiss', 'ice beam', 'thunder wave', 'thunderbolt']"
"Backpacker Tami",1,ability,"Shuckle","","gourmand"
"Backpacker Tami",1,moves,"Shuckle","[]","['scorching sands', 'signal beam', 'toxic', 'weather ball']"
"Baker Jenn",0,ability,"Simisear","","drought"
"Baker Jenn",0,moves,"Simisear","[]","['fire lash', 'seed bomb', 'thunder punch', 'u-turn']"
"Baker Jenn",1,ability,"Tropius","","chlorophyll"
"Baker Jenn",1,moves,"Tropius","[]","['air cutter', 'ancient power', 'flame burst', 'giga drain']"
"Baker Jenn",2,ability,"Lickilicky","","calm"
"Baker Jenn",2,moves,"Lickilicky","[]","['body slam', 'flamethrower', 'rest', 'wrap']"
"Baker Jenn",3,ability,"Rotom","","levitate"
"Baker Jenn",3,moves,"Rotom","[]","['aurora beam', 'discharge', 'flamethrower', 'leaf tornado']"
"Beauty Fleming",0,ability,"Ampharos","","lax"
"Beauty Fleming",0,moves,"Ampharos","[]","['dual chop', 'parabolic zap', 'power gem', 'signal beam']"
"Beauty Fleming",1,ability,"Dewgong","","keen senses"
"Beauty Fleming",1,moves,"Dewgong","[]","['aurora beam', 'bubble beam', 'fake out', 'thunderbolt']"
"Beauty Fleming",2,ability,"Magnezone","","sturdy"
"Beauty Fleming",2,moves,"Magnezone","[]","['bug buzz', 'discharge', 'light screen', 'magnet bomb']"
"Beauty Fleming",3,ability,"Serperior","","adaptability"
"Beauty Fleming",3,moves,"Serperior","[]","['discharge', 'dragon pulse', 'flamethrower', 'leaf tornado']"
"Beauty Monika",0,ability,"Clefable","","timid"
"Beauty Monika",0,moves,"Clefable","[]","['blizzard', 'fire blast', 'stealth rock', 'thunder']"
"Beauty Monika",1,ability,"Togekiss","","serene grace"
"Beauty Monika",1,moves,"Togekiss","[]","['air slash', 'ancient power', 'charge beam', 'thunder wave']"
"Beauty Monika",2,ability,"Gallade","","naive"
"Beauty Monika",2,moves,"Gallade","[]","['attract', 'close combat', 'night slash', 'psycho cut']"
"Beauty Monika",3,ability,"Pachirisu","","impish"
"Beauty Monika",3,moves,"Pachirisu","[]","['captivate', 'charm', 'dazzling gleam', 'discharge']"
"Beauty Nikola",0,ability,"Roserade","","chlorophyll"
"Beauty Nikola",0,moves,"Roserade","[]","['extrasensory', 'petal dance', 'sleep powder', 'sludge']"
"Beauty Nikola",1,ability,"Manectric","","strong jaw"
"Beauty Nikola",1,moves,"Manectric","[]","['devour', 'ice fang', 'rock smash', 'thunder fang']"
"Beauty Nikola",2,ability,"Electivire","","rash"
"Beauty Nikola",2,moves,"Electivire","[]","['drain punch', 'fire punch', 'ice punch', 'thunderbolt']"
"Beauty Nikola",3,ability,"Jynx","","majestic ward"
"Beauty Nikola",3,moves,"Jynx","[]","['attract', 'aurora beam', 'extrasensory', 'thunderbolt']"
"Beauty Stella",0,ability,"Pidgeot","","aerilate"
"Beauty Stella",0,moves,"Pidgeot","[]","['fire blast', 'focus blast', 'thunder', 'uproar']"
"Beauty Stella",1,ability,"Swellow","","guts"
"Beauty Stella",1,moves,"Swellow","[]","['drill peck', 'extreme speed', 'steel wing', 'volt tackle']"
"Beauty Stella",2,ability,"Kingdra","","swift swim"
"Beauty Stella",2,moves,"Kingdra","[]","['dragon rush', 'ice beam', 'rain dance', 'scald']"
"Beauty Stella",3,ability,"Emolga","","motor drive"
"Beauty Stella",3,moves,"Emolga","[]","['air slash', 'discharge', 'iron tail', 'play rough']"
"Cosplayer Amy",0,ability,"Clefable","","impish"
"Cosplayer Amy",0,moves,"Clefable","[]","['body press', 'cosmic power', 'fairy wind', 'magical leaf']"
"Cosplayer Amy",1,ability,"Solrock","","levitate"
"Cosplayer Amy",1,moves,"Solrock","[]","['mystical fire', 'power gem', 'psyshock', 'rock polish']"
"Cosplayer Amy",2,ability,"Starmie","","mold breaker"
"Cosplayer Amy",2,moves,"Starmie","[]","['bubble beam', 'calm mind', 'psybeam', 'recover']"
"Cosplayer Anders",0,ability,"Mienshao","","reckless"
"Cosplayer Anders",0,moves,"Mienshao","[]","['jump kick', 'knock off', 'pursuit', 'u-turn']"
"Cosplayer Anders",1,ability,"Cryogonal","","sturdy"
"Cosplayer Anders",1,moves,"Cryogonal","[]","['baton pass', 'flash cannon', 'freeze-dry', 'power gem']"
"Cosplayer Anders",2,ability,"Emboar","","intimidate"
"Cosplayer Anders",2,moves,"Emboar","[]","['flamethrower', 'payback', 'slack off', 'work up']"
"Cosplayer Cassie",0,ability,"Jumpluff","","skill link"
"Cosplayer Cassie",0,moves,"Jumpluff","[]","['bullet seed', 'razor winds', 'sleep powder', 'u-turn']"
"Cosplayer Cassie",1,ability,"Banette","","prankster"
"Cosplayer Cassie",1,moves,"Banette","[]","['body slam', 'dizzy punch', 'shadow claw', 'will-o-wisp']"
"Cosplayer Cassie",2,ability,"Flareon","","fur coat"
"Cosplayer Cassie",2,moves,"Flareon","[]","['crunch', 'fire fang', 'take down', 'thunder fang']"
"Cosplayer Jared",0,ability,"Metang","","tough claws"
"Cosplayer Jared",0,moves,"Metang","[]","['explosion', 'hammer arm', 'meteor mash', 'zen headbutt']"
"Cosplayer Jared",1,ability,"Manectric","","intimidate"
"Cosplayer Jared",1,moves,"Manectric","[]","['crunch', 'fire fang', 'ice fang', 'thunder fang']"
"Cosplayer Jared",2,ability,"Sawk","","sturdy"
"Cosplayer Jared",2,moves,"Sawk","[]","['double hit', 'fire punch', 'flail', 'strength']"
"Cosplayer Miriam",0,ability,"Gengar","","neutralizing gas sassy"
"Cosplayer Miriam",0,moves,"Gengar","[]","['destiny bond', 'hex', 'sludge', 'will-o-wisp']"
"Cosplayer Miriam",1,ability,"Masquerain","","quiet"
"Cosplayer Miriam",1,moves,"Masquerain","[]","['bubble beam', 'dazzling gleam', 'quiver dance', 'signal beam']"
"Cosplayer Miriam",2,ability,"Gothitelle","","lax"
"Cosplayer Miriam",2,moves,"Gothitelle","[]","['force palm', 'psybeam', 'shock wave', 'torment']"
"Cosplayer Miriam",3,ability,"Mismagius","","levitate"
"Cosplayer Miriam",3,moves,"Mismagius","[]","['dazzling gleam', 'mystical fire', 'ominous wind', 'power gem']"
"Cyclist Hector",0,ability,"Jolteon","","lightning rod"
"Cyclist Hector",0,moves,"Jolteon","[]","['extreme speed', 'signal beam', 'spiky shield', 'thunderbolt']"
"Cyclist Hector",1,ability,"Vaporeon","","storm drain"
"Cyclist Hector",1,moves,"Vaporeon","[]","['aurora beam', 'bubble beam', 'hyper voice', 'wide guard']"
"Cyclist Hector",2,ability,"Flareon","","flash fire"
"Cyclist Hector",2,moves,"Flareon","[]","['body slam', 'cotton guard', 'iron tail', 'temper flare']"
"Cyclist Krissa",0,ability,"Umbreon","","patient"
"Cyclist Krissa",0,moves,"Umbreon","[]","['dark pulse', 'follow me', 'foul play', 'psychic']"
"Cyclist Krissa",1,ability,"Espeon","","magic bounce"
"Cyclist Krissa",1,moves,"Espeon","[]","['dazzling gleam', 'esper wing', 'force palm', 'protect']"
"Cyclist Krissa",2,ability,"Glaceon","","majestic ward"
"Cyclist Krissa",2,moves,"Glaceon","[]","['glaciate', 'grass knot', 'hyper voice', 'water pulse']"
"Dancer Brian",0,ability,"Spinda","","contrary"
"Dancer Brian",0,moves,"Spinda","[]","['crush claw', 'hammer arm', 'psychic', 'spin out']"
"Dancer Brian",1,ability,"Scizor","","technician"
"Dancer Brian",1,moves,"Scizor","[]","['bullet punch', 'iron head', 'swords dance', 'u-turn']"
"Dancer Brian",2,ability,"Bellossom","","hustle"
"Dancer Brian",2,moves,"Bellossom","[]","['acrobatics', 'dizzy punch', 'teeter dance', 'trop kick']"
"Dancer Brian",3,ability,"Hitmontop","","technician"
"Dancer Brian",3,moves,"Hitmontop","[]","['double hit', 'double kick', 'fake out', 'spin out']"
"Dancer Kidd",0,ability,"Hitmontop","","technician"
"Dancer Kidd",0,moves,"Hitmontop","[]","['brutal swing', 'double kick', 'fake out', 'spin out']"
"Dancer Kidd",1,ability,"Granbull","","intimidate"
"Dancer Kidd",1,moves,"Granbull","[]","['bulk up', 'play rough', 'strength', 'thunder punch']"
"Dancer Kidd",2,ability,"Plusle","","volt absorb"
"Dancer Kidd",2,moves,"Plusle","[]","['dazzling gleam', 'flamethrower', 'light screen', 'thunderbolt']"
"Dancer Kidd",3,ability,"Scrafty","","bulletproof"
"Dancer Kidd",3,moves,"Scrafty","[]","['fake out', 'head smash', 'payback', 'revenge']"
"Depot Agent Hank",0,ability,"Donphan","","sand stream"
"Depot Agent Hank",0,moves,"Donphan","[]","['bulldoze', 'rollout', 'spikes', 'spin out']"
"Depot Agent Hank",1,ability,"Klang","","levitate"
"Depot Agent Hank",1,moves,"Klang","[]","['gear grind', 'seed bomb', 'shift gear', 'zing zap']"
"Depot Agent Hank",2,ability,"Scolipede","","strong body"
"Depot Agent Hank",2,moves,"Scolipede","[]","['lunge', 'poison jab', 'rollout', 'strength']"
"Depot Agent Hank",3,ability,"Onix","","sand force"
"Depot Agent Hank",3,moves,"Onix","[]","['bulldoze', 'iron head', 'rock slide', 'rock smash']"
"Doctor Kit",0,ability,"Kangaskhan","","impish"
"Doctor Kit",0,moves,"Kangaskhan","[]","['block', 'hammer arm', 'retaliate', 'seismic toss']"
"Doctor Kit",1,ability,"Blissey","","healer"
"Doctor Kit",1,moves,"Blissey","[]","['giga impact', 'helping hand', 'protect', 'superpower']"
"Doctor Kit",2,ability,"Bellossom","","flower gift"
"Doctor Kit",2,moves,"Bellossom","[]","['acrobatics', 'petal blizzard', 'sunny day', 'weather ball']"
"Doctor Kit",3,ability,"Audino","","poison heal"
"Doctor Kit",3,moves,"Audino","[]","['blizzard', 'fire blast', 'psychic', 'thunder']"
"Fisherman Andrew",0,ability,"Clamperl","","battle armor"
"Fisherman Andrew",0,moves,"Clamperl","[]","['clamp', 'dazzling gleam', 'iron defense', 'recover']"
"Fisherman Andrew",1,ability,"Dwebble","","weak armor"
"Fisherman Andrew",1,moves,"Dwebble","[]","['razor shell', 'rock slide', 'shell smash', 'x-scissor']"
"Fisherman Andrew",2,ability,"Carvanha","","strong jaw"
"Fisherman Andrew",2,moves,"Carvanha","[]","['crunch', 'ice fang', 'psychic fangs', 'surf']"
"Fisherman Andrew",3,ability,"Lumineon","","swift swim"
"Fisherman Andrew",3,moves,"Lumineon","[]","['air slash', 'bubble beam', 'parabolic zap', 'rain dance']"
"Fisherman Hubert",0,ability,"Clamperl","","battle armor"
"Fisherman Hubert",0,moves,"Clamperl","[]","['ancient power', 'aurora beam', 'dazzling gleam', 'water pulse']"
"Fisherman Hubert",1,ability,"Wormadam","","battle armor"
"Fisherman Hubert",1,moves,"Wormadam","[]","['bug bite', 'bulldoze', 'ingrain', 'rock tomb']"
"Fisherman Hubert",2,ability,"Corsola","","rough skin"
"Fisherman Hubert",2,moves,"Corsola","[]","['poison jab', 'recover', 'rock tomb', 'whirlpool']"
"Fisherman Hubert",3,ability,"Mantine","","water absorb"
"Fisherman Hubert",3,moves,"Mantine","[]","['air cutter', 'bubble beam', 'confuse ray', 'signal beam']"
"Gentleman Daniel",0,ability,"Absol","","tough claws"
"Gentleman Daniel",0,moves,"Absol","[]","['knock off', 'play rough', 'psyblade', 'superpower']"
"Gentleman Daniel",1,ability,"Dusclops","","iron fist"
"Gentleman Daniel",1,moves,"Dusclops","[]","['bulk up', 'drain punch', 'ice hammer', 'shadow punch']"
"Gentleman Daniel",2,ability,"Grumpig","","hustle"
"Gentleman Daniel",2,moves,"Grumpig","[]","['confuse ray', 'shadow punch', 'sucker punch', 'zen headbutt']"
"Gentleman Daniel",3,ability,"Shedinja","","sturdy"
"Gentleman Daniel",3,moves,"Shedinja","[]","['curse', 'earth power', 'scorching swarm', 'shadow force']"
"Girl in Suit Donna",0,ability,"Kecleon","","savant"
"Girl in Suit Donna",0,moves,"Kecleon","[]","['drain punch', 'fake out', 'ice punch', 'sucker punch']"
"Girl in Suit Donna",1,ability,"Spinda","","hustle"
"Girl in Suit Donna",1,moves,"Spinda","[]","['dizzy punch', 'extrasensory', 'fake out', 'feint attack']"
"Guardian of Unova Cobalion",0,ability,"Empoleon","","torrent"
"Guardian of Unova Cobalion",0,moves,"Empoleon","[]","['earthquake', 'hurricane', 'ice beam', 'surf']"
"Guardian of Unova Cobalion",1,ability,"Nidoqueen","","sheer force"
"Guardian of Unova Cobalion",1,moves,"Nidoqueen","[]","['earth power', 'flamethrower', 'ice beam', 'sludge bomb']"
"Guardian of Unova Cobalion",2,ability,"Skarmory","","sturdy"
"Guardian of Unova Cobalion",2,moves,"Skarmory","[]","['fury swipes', 'razor winds', 'spike cannon', 'spikes']"
"Guardian of Unova Cobalion",3,ability,"Sawk","","quick feet"
"Guardian of Unova Cobalion",3,moves,"Sawk","[]","['knock off', 'retaliate', 'strength', 'u-turn']"
"Guardian of Unova Cobalion",4,ability,"Bastiodon","","solid rock"
"Guardian of Unova Cobalion",4,moves,"Bastiodon","[]","['body press', 'counter', 'dragon tail', 'rock wrecker']"
"Guardian of Unova Cobalion",5,ability,"Cobalion","","justified"
"Guardian of Unova Cobalion",5,moves,"Cobalion","[]","['ancient power', 'flash cannon', 'sacred sword', 'work up']"
"Guitarist Anna",0,ability,"Mightyena","","strong jaw"
"Guitarist Anna",0,moves,"Mightyena","[]","['crunch', 'ice fang', 'psychic fangs', 'thunder fang']"
"Guitarist Anna",1,ability,"Luxray","","intimidate"
"Guitarist Anna",1,moves,"Luxray","[]","['howl', 'iron tail', 'payback', 'thunderbolt']"
"Guitarist Anna",2,ability,"Exploud","","anger point"
"Guitarist Anna",2,moves,"Exploud","[]","['none', 'uproar']"
"Guitarist Anna",3,ability,"Houndoom","","turboblaze"
"Guitarist Anna",3,moves,"Houndoom","[]","['crunch', 'energy ball', 'heat wave', 'thunder fang']"
"Guitarist Billy Jo",0,ability,"Krokorok","","intimidate"
"Guitarist Billy Jo",0,moves,"Krokorok","[]","['beat up', 'bone club', 'parting shot', 'rock tomb']"
"Guitarist Billy Jo",1,ability,"Gloom","","merciless"
"Guitarist Billy Jo",1,moves,"Gloom","[]","['disarming voice', 'mega drain', 'poison gas', 'venoshock']"
"Guitarist Billy Jo",2,ability,"Vigoroth","","vital spirit"
"Guitarist Billy Jo",2,moves,"Vigoroth","[]","['beat up', 'follow me', 'poison fang', 'secret power']"
"Guitarist Billy Jo",3,ability,"Voltorb","","volt absorb"
"Guitarist Billy Jo",3,moves,"Voltorb","[]","['gyro ball', 'light screen', 'magnet bomb', 'shock wave']"
"Guitarist Billy Jo",4,ability,"Golbat","","infiltrator"
"Guitarist Billy Jo",4,moves,"Golbat","[]","['air cutter', 'bite', 'confuse ray', 'venoshock']"
"Guy in Suit Larry",0,ability,"Ditto","","imposter"
"Guy in Suit Larry",0,moves,"Ditto","[]","['me first', 'none']"
"Guy in Suit Larry",1,ability,"MR.MIME","","distracting"
"Guy in Suit Larry",1,moves,"MR.MIME","[]","['heart stamp', 'low sweep', 'pursuit', 'zen headbutt']"
"Harlequin Anders",0,ability,"Yanmega","","speed boost"
"Harlequin Anders",0,moves,"Yanmega","[]","['air cutter', 'giga drain', 'power gem', 'signal beam']"
"Harlequin Anders",1,ability,"Cradily","","patient"
"Harlequin Anders",1,moves,"Cradily","[]","['giga drain', 'power gem', 'recover', 'sludge']"
"Harlequin Anders",2,ability,"Ledian","","iron fist"
"Harlequin Anders",2,moves,"Ledian","[]","['ice punch', 'sky uppercut', 'thunder punch', 'u-turn']"
"Harlequin Anders",3,ability,"Smeargle","","savant"
"Harlequin Anders",3,moves,"Smeargle","[]","['dazzling gleam', 'fire lash', 'glaciate', 'lunge']"
"Harlequin Anders",4,ability,"Durant","","heatproof"
"Harlequin Anders",4,moves,"Durant","[]","['crunch', 'metal claw', 'rock slide', 'skitter smack']"
"Harlequin Clarence",0,ability,"Venomoth","","tenacity"
"Harlequin Clarence",0,moves,"Venomoth","[]","['dream eater', 'reflect', 'signal beam', 'sleep powder']"
"Harlequin Clarence",1,ability,"Armaldo","","weak armor"
"Harlequin Clarence",1,moves,"Armaldo","[]","['accelerock', 'natural gift', 'rock slide', 'skitter smack']"
"Harlequin Clarence",2,ability,"Lilligant","","quick feet"
"Harlequin Clarence",2,moves,"Lilligant","[]","['draining kiss', 'force palm', 'leaf tornado', 'sleep powder']"
"Harlequin Clarence",3,ability,"Beautifly","","majestic ward"
"Harlequin Clarence",3,moves,"Beautifly","[]","['attract', 'draining kiss', 'quiver dance', 'silver wind']"
"Harlequin Gary",0,ability,"Volbeat","","prankster"
"Harlequin Gary",0,moves,"Volbeat","[]","['moonlight', 'silver wind', 'sweet scent', 'thunderbolt']"
"Harlequin Gary",1,ability,"Crawdaunt","","adaptability"
"Harlequin Gary",1,moves,"Crawdaunt","[]","['aqua jet', 'night slash', 'razor shell', 'x-scissor']"
"Harlequin Gary",2,ability,"Scyther","","technician"
"Harlequin Gary",2,moves,"Scyther","[]","['bug bite', 'cut', 'swords dance', 'wing attack']"
"Harlequin Gary",3,ability,"Illumise","","tenacity"
"Harlequin Gary",3,moves,"Illumise","[]","['dizzy punch', 'none', 'skitter smack']"
"Harlequin Ian",0,ability,"Spheal","","ice body"
"Harlequin Ian",0,moves,"Spheal","[]","['aqua tail', 'avalanche', 'spin out', 'yawn']"
"Harlequin Ian",1,ability,"Conkeldurr","","naive"
"Harlequin Ian",1,moves,"Conkeldurr","[]","['drain punch', 'knock off', 'mach punch', 'rock wrecker']"
"Harlequin Jack",0,ability,"MR.MIME","","distracting"
"Harlequin Jack",0,moves,"MR.MIME","[]","['concuss', 'fake out', 'heart stamp', 'low sweep']"
"Harlequin Jack",1,ability,"Masquerain","","naughty"
"Harlequin Jack",1,moves,"Masquerain","[]","['air cutter', 'bubble beam', 'icy wind', 'signal beam']"
"Harlequin Jack",2,ability,"Vespiquen","","majestic ward"
"Harlequin Jack",2,moves,"Vespiquen","[]","['aerial ace', 'heal order', 'natural gift', 'x-scissor']"
"Harlequin Jack",3,ability,"Pinsir","","sturdy"
"Harlequin Jack",3,moves,"Pinsir","[]","['bone club', 'natural gift', 'rock tomb', 'vital throw']"
"Harlequin Pat",0,ability,"MIMEJR.","","filter"
"Harlequin Pat",0,moves,"MIMEJR.","[]","['double slap', 'fake out', 'low sweep', 'zen headbutt']"
"Harlequin Pat",1,ability,"Smeargle","","savant"
"Harlequin Pat",1,moves,"Smeargle","[]","['draco meteor', 'scorching swarm', 'thunder', 'triple axel']"
"Hiker Jameson",0,ability,"Flareon","","flash fire"
"Hiker Jameson",0,moves,"Flareon","[]","['double-edge', 'flare blitz', 'superpower', 'wild charge']"
"Hiker Jameson",1,ability,"Camerupt","","quirky"
"Hiker Jameson",1,moves,"Camerupt","[]","['ancient power', 'earthquake', 'lava plume', 'stealth rock']"
"Hiker Jameson",2,ability,"Golurk","","well baked body rash"
"Hiker Jameson",2,moves,"Golurk","[]","['heat crash', 'shadow punch', 'stompin tantrum', 'thunder punch']"
"Hiker Jameson",3,ability,"Magmar","","no guard"
"Hiker Jameson",3,moves,"Magmar","[]","['dynamic punch', 'fire spin', 'sludge wave', 'thunder']"
"Hiker Jebediah",0,ability,"Skarmory","","sturdy"
"Hiker Jebediah",0,moves,"Skarmory","[]","['acrobatics', 'body press', 'drill run', 'sand attack']"
"Hiker Jebediah",1,ability,"Durant","","hustle"
"Hiker Jebediah",1,moves,"Durant","[]","['iron head', 'lunge', 'rock climb', 'stompin tantrum']"
"Hiker Jerome",0,ability,"Nosepass","","sand stream"
"Hiker Jerome",0,moves,"Nosepass","[]","['electroweb', 'mud shot', 'rock slide', 'thunder wave']"
"Hiker Jerome",1,ability,"Yamask","","shadow tag"
"Hiker Jerome",1,moves,"Yamask","[]","['hex', 'metal sound', 'scorching sands', 'will-o-wisp']"
"Hiker Jerome",2,ability,"Vullaby","","overcoat"
"Hiker Jerome",2,moves,"Vullaby","[]","['bone rush', 'feint attack', 'pluck', 'roost']"
"Hiker Jerome",3,ability,"Sandshrew","","sand force"
"Hiker Jerome",3,moves,"Sandshrew","[]","['bone club', 'cut', 'rock smash', 'rock throw']"
"Hiker Keith",0,ability,"Golem","","sturdy"
"Hiker Keith",0,moves,"Golem","[]","['double-edge', 'earthquake', 'focus punch', 'rock slide']"
"Hiker Keith",1,ability,"Parasect","","stakeout"
"Hiker Keith",1,moves,"Parasect","[]","['ingrain', 'leech life', 'protect', 'spore']"
"Hiker Keith",2,ability,"Crustle","","shed skin"
"Hiker Keith",2,moves,"Crustle","[]","['rest', 'rock climb', 'toxic', 'u-turn']"
"Hiker Keith",3,ability,"Solrock","","levitate"
"Hiker Keith",3,moves,"Solrock","[]","['earth power', 'flame burst', 'psychic', 'shadow ball']"
"Hiker Otto",0,ability,"Carracosta","","brave"
"Hiker Otto",0,moves,"Carracosta","[]","['knock off', 'rock slide', 'shell smash', 'surf']"
"Hiker Otto",1,ability,"Probopass","","sturdy"
"Hiker Otto",1,moves,"Probopass","[]","['electro shot', 'flash cannon', 'meteor beam', 'volt switch']"
"Hiker Otto",2,ability,"Sandslash","","sand force"
"Hiker Otto",2,moves,"Sandslash","[]","['bone rush', 'rock blast', 'sandstorm', 'spike cannon']"
"Hiker Otto",3,ability,"Gigalith","","chlorophyll"
"Hiker Otto",3,moves,"Gigalith","[]","['ancient power', 'charge beam', 'earth power', 'solar beam']"
"Hiker Shelby",0,ability,"Kabutops","","skill link"
"Hiker Shelby",0,moves,"Kabutops","[]","['aqua tail', 'bone rush', 'fury swipes', 'rock blast']"
"Hiker Shelby",1,ability,"Armaldo","","battle armor"
"Hiker Shelby",1,moves,"Armaldo","[]","['dragon dance', 'leech life', 'rock slide', 'superpower']"
"Hiker Tobias",0,ability,"Forretress","","careful"
"Hiker Tobias",0,moves,"Forretress","[]","['barrage', 'icicle spear', 'pin missile', 'rock blast']"
"Hiker Tobias",1,ability,"Cradily","","storm drain"
"Hiker Tobias",1,moves,"Cradily","[]","['diamond storm', 'energy ball', 'scorching sands', 'stealth rock']"
"Hiker Tobias",2,ability,"Bronzong","","levitate"
"Hiker Tobias",2,moves,"Bronzong","[]","['flash cannon', 'psychic noise', 'rain dance', 'weather ball']"
"Hiker Tobias",3,ability,"Blastoise","","determined"
"Hiker Tobias",3,moves,"Blastoise","[]","['block', 'double-edge', 'gyro ball', 'wave crash']"
"Janitor Brady",0,ability,"Cinccino","","skill link"
"Janitor Brady",0,moves,"Cinccino","[]","['bullet seed', 'secret power', 'thunder wave', 'u-turn']"
"Janitor Brady",1,ability,"Golbat","","infiltrator"
"Janitor Brady",1,moves,"Golbat","[]","['dual wingbeat', 'giga drain', 'poison fang', 'u-turn']"
"Janitor Brady",2,ability,"Lairon","","sturdy"
"Janitor Brady",2,moves,"Lairon","[]","['dragon breath', 'metal claw', 'shock wave', 'water pulse']"
"Janitor Brady",3,ability,"Rotom","","levitate"
"Janitor Brady",3,moves,"Rotom","[]","['electroweb', 'icy wind', 'leaf tornado', 'volt switch']"
"Janitor Brady",4,ability,"Skuntank","","stench"
"Janitor Brady",4,moves,"Skuntank","[]","['flame burst', 'poison gas', 'snarl', 'venoshock']"
"Janitor Felix",0,ability,"Shellos","","storm drain"
"Janitor Felix",0,moves,"Shellos","[]","['mud bomb', 'muddy water', 'sludge bomb', 'spikes']"
"Janitor Felix",1,ability,"Wormadam","","battle armor"
"Janitor Felix",1,moves,"Wormadam","[]","['heal order', 'metal burst', 'psychic', 'silver wind']"
"Janitor Felix",2,ability,"Raticate","","adaptability"
"Janitor Felix",2,moves,"Raticate","[]","['dig', 'hyper fang', 'quick attack', 'sand attack']"
"Janitor Felix",3,ability,"Swalot","","corrosion"
"Janitor Felix",3,moves,"Swalot","[]","['bulldoze', 'seed bomb', 'toxic', 'venoshock']"
"Janitor Orville",0,ability,"Trubbish","","weak armor"
"Janitor Orville",0,moves,"Trubbish","[]","['cut', 'poison gas', 'rock throw', 'sludge']"
"Janitor Orville",1,ability,"Minccino","","skill link"
"Janitor Orville",1,moves,"Minccino","[]","['disarming voice', 'pursuit', 'swift', 'work up']"
"Janitor Orville",2,ability,"Scraggy","","intimidate"
"Janitor Orville",2,moves,"Scraggy","[]","['assurance', 'headbutt', 'karate chop', 'screech']"
"Janitor Orville",3,ability,"Grimer","","water absorb"
"Janitor Orville",3,moves,"Grimer","[]","['brutal swing', 'shadow sneak', 'sludge', 'toxic']"
"Kanto Leader Brock",0,ability,"Geodude","","sturdy"
"Kanto Leader Brock",0,moves,"Geodude","[]","['bulldoze', 'rock smash', 'rock tomb', 'thunder punch']"
"Kanto Leader Brock",1,ability,"Vulpix","","drought"
"Kanto Leader Brock",1,moves,"Vulpix","[]","['disarming voice', 'incinerate', 'night shade', 'will-o-wisp']"
"Kanto Leader Brock",2,ability,"Croagunk","","exploit"
"Kanto Leader Brock",2,moves,"Croagunk","[]","['icy wind', 'low sweep', 'mud shot', 'venoshock']"
"Kanto Leader Brock",3,ability,"Happiny","","huge power"
"Kanto Leader Brock",3,moves,"Happiny","[]","['brutal swing', 'rock smash', 'rock throw', 'secret power']"
"Kanto Leader Brock",4,ability,"Bonsly","","prankster"
"Kanto Leader Brock",4,moves,"Bonsly","[]","['copycat', 'razor leaf', 'rock smash', 'rock tomb']"
"Kanto Leader Erika",0,ability,"Ninetales","","drought"
"Kanto Leader Erika",0,moves,"Ninetales","[]","['moonblast', 'mystical fire', 'psychic', 'solar beam']"
"Kanto Leader Erika",1,ability,"Beautifly","","chlorophyll"
"Kanto Leader Erika",1,moves,"Beautifly","[]","['bug buzz', 'moonblast', 'solar beam', 'u-turn']"
"Kanto Leader Erika",2,ability,"Cherrim","","flower gift"
"Kanto Leader Erika",2,moves,"Cherrim","[]","['double-edge', 'petal blizzard', 'u-turn', 'weather ball']"
"Kanto Leader Erika",3,ability,"Victreebel","","docile"
"Kanto Leader Erika",3,moves,"Victreebel","[]","['poison jab', 'rock climb', 'sleep powder', 'weather crash']"
"Kanto Leader Erika",4,ability,"Nidoqueen","","modest"
"Kanto Leader Erika",4,moves,"Nidoqueen","[]","['earth power', 'flamethrower', 'sludge bomb', 'solar beam']"
"Kanto Leader Erika",5,ability,"Vileplume","","chlorophyll"
"Kanto Leader Erika",5,moves,"Vileplume","[]","['attract', 'fairy wind', 'mystical fire', 'solar beam']"
"Kanto Leader Janine",0,ability,"Drapion","","tough claws"
"Kanto Leader Janine",0,moves,"Drapion","[]","['cross poison', 'knock off', 'power whip', 'toxic spikes']"
"Kanto Leader Janine",1,ability,"Glalie","","determined"
"Kanto Leader Janine",1,moves,"Glalie","[]","['head smash', 'sheer cold', 'spikes', 'superpower']"
"Kanto Leader Janine",2,ability,"Noctowl","","keen senses"
"Kanto Leader Janine",2,moves,"Noctowl","[]","['air slash', 'blizzard', 'hypnosis', 'shadow ball']"
"Kanto Leader Janine",3,ability,"Weezing","","levitate"
"Kanto Leader Janine",3,moves,"Weezing","[]","['body press', 'gyro ball', 'heat wave', 'thunderbolt']"
"Kanto Leader Janine",4,ability,"Samurott","","hyper cutter"
"Kanto Leader Janine",4,moves,"Samurott","[]","['aqua tail', 'night slash', 'sacred sword', 'x-scissor']"
"Kanto Leader Janine",5,ability,"Crobat","","sniper"
"Kanto Leader Janine",5,moves,"Crobat","[]","['air slash', 'aura sphere', 'cross poison', 'dark pulse']"
"Kanto Leader Lt. Surge",0,ability,"Forretress","","calm"
"Kanto Leader Lt. Surge",0,moves,"Forretress","[]","['bullet seed', 'pin missile', 'rock blast', 'spike cannon']"
"Kanto Leader Lt. Surge",1,ability,"Electabuzz","","relaxed"
"Kanto Leader Lt. Surge",1,moves,"Electabuzz","[]","['bulk up', 'drain punch', 'facade', 'ice punch']"
"Kanto Leader Lt. Surge",2,ability,"Electrode","","aftermath"
"Kanto Leader Lt. Surge",2,moves,"Electrode","[]","['discharge', 'double-edge', 'magnet bomb', 'rollout']"
"Kanto Leader Lt. Surge",3,ability,"Krookodile","","stompin tantrum crunch thunder fang pursuit"
"Kanto Leader Lt. Surge",4,ability,"Octillery","","sniper"
"Kanto Leader Lt. Surge",4,moves,"Octillery","[]","['aurora beam', 'bubble beam', 'flame burst', 'natural gift']"
"Kanto Leader Lt. Surge",5,ability,"Raichu","","teravolt"
"Kanto Leader Lt. Surge",5,moves,"Raichu","[]","['discharge', 'mud bomb', 'strength', 'surf']"
"Kanto Leader Misty",0,ability,"Psyduck","","swift swim"
"Kanto Leader Misty",0,moves,"Psyduck","[]","['calm mind', 'telekinesis', 'uproar', 'water pulse']"
"Kanto Leader Misty",1,ability,"Poliwhirl","","drizzle"
"Kanto Leader Misty",1,moves,"Poliwhirl","[]","['drain punch', 'fake out', 'mud bomb', 'water pulse']"
"Kanto Leader Misty",2,ability,"Togetic","","friend guard"
"Kanto Leader Misty",2,moves,"Togetic","[]","['air cutter', 'disarming voice', 'roost', 'water pulse']"
"Kanto Leader Misty",3,ability,"Azumarill","","sap sipper"
"Kanto Leader Misty",3,moves,"Azumarill","[]","['brine', 'dizzy punch', 'secret power', 'work up']"
"Kanto Leader Misty",4,ability,"Corsola","","water absorb"
"Kanto Leader Misty",4,moves,"Corsola","[]","['barb barrage', 'barrage', 'recover', 'rock blast']"
"Kanto Leader Sabrina",0,ability,"Hypno","","bad dreams"
"Kanto Leader Sabrina",0,moves,"Hypno","[]","['dark void', 'dream eater', 'parting shot', 'sludge wave']"
"Kanto Leader Sabrina",1,ability,"Banette","","hustle"
"Kanto Leader Sabrina",1,moves,"Banette","[]","['crush claw', 'play rough', 'pursuit', 'shadow force']"
"Kanto Leader Sabrina",2,ability,"Sigilyph","","magic guard"
"Kanto Leader Sabrina",2,moves,"Sigilyph","[]","['aeroblast', 'none', 'psychic']"
"Kanto Leader Sabrina",3,ability,"Musharna","","bad dreams"
"Kanto Leader Sabrina",3,moves,"Musharna","[]","['cosmic power', 'fairy wind', 'moonlight', 'stored power']"
"Kanto Leader Sabrina",4,ability,"Marowak","","quick draw"
"Kanto Leader Sabrina",4,moves,"Marowak","[]","['drill run', 'focus punch', 'phantom strike', 'temper flare']"
"Kanto Leader Sabrina",5,ability,"Alakazam","","magic guard"
"Kanto Leader Sabrina",5,moves,"Alakazam","[]","['detect', 'focus blast', 'psychic', 'zap cannon']"
"Lady Colette",0,ability,"Gardevoir","","trace"
"Lady Colette",0,moves,"Gardevoir","[]","['calm mind', 'dazzling gleam', 'force palm', 'shock wave']"
"Lady Colette",1,ability,"Minun","","motor drive"
"Lady Colette",1,moves,"Minun","[]","['discharge', 'fake out', 'fire pledge', 'frost breath']"
"Lady Colette",2,ability,"Electrode","","reckless"
"Lady Colette",2,moves,"Electrode","[]","['discharge', 'energy ball', 'light screen', 'spin out']"
"Lady Colette",3,ability,"Raichu","","sheer force"
"Lady Colette",3,moves,"Raichu","[]","['discharge', 'focus punch', 'play rough', 'scorching sands']"
"Lady Lina",0,ability,"Lapras","","snow warning"
"Lady Lina",0,moves,"Lapras","[]","['aurora beam', 'body press', 'dragon breath', 'flip turn']"
"Lady Lina",1,ability,"Cinccino","","skill link"
"Lady Lina",1,moves,"Cinccino","[]","['double hit', 'double slap', 'feint attack', 'u-turn']"
"Lady Lina",2,ability,"Altaria","","overcoat"
"Lady Lina",2,moves,"Altaria","[]","['bulldoze', 'cotton guard', 'dragon breath', 'draining kiss']"
"Lady Lina",3,ability,"Swanna","","serene grace"
"Lady Lina",3,moves,"Swanna","[]","['aurora beam', 'chatter', 'roost', 'scald']"
"Lass Daya",0,ability,"Pidgeotto","","quick feet"
"Lass Daya",0,moves,"Pidgeotto","[]","['attract', 'aurora beam', 'dual wingbeat', 'shock wave']"
"Lass Daya",1,ability,"Bayleef","","overgrow"
"Lass Daya",1,moves,"Bayleef","[]","['bullet seed', 'dazzling gleam', 'reflect', 'sweet scent']"
"Lass Daya",2,ability,"Nidorina","","sheer force"
"Lass Daya",2,moves,"Nidorina","[]","['body slam', 'captivate', 'pin missile', 'poison fang']"
"Lass Daya",3,ability,"Flaaffy","","illumination"
"Lass Daya",3,moves,"Flaaffy","[]","['breaking swipe', 'cotton guard', 'electroweb', 'sparkle']"
"Lass Daya",4,ability,"Gothorita","","patient"
"Lass Daya",4,moves,"Gothorita","[]","['fake out', 'protect', 'snarl', 'telekinesis']"
"Lass Isabel",0,ability,"Purrloin","","pickup"
"Lass Isabel",0,moves,"Purrloin","[]","['assist', 'charm', 'fury swipes', 'tail slap']"
"Lass Isabel",1,ability,"Igglybuff","","aerilate"
"Lass Isabel",1,moves,"Igglybuff","[]","['heart stamp', 'metronome', 'swift', 'work up']"
"Lass Isabel",2,ability,"Marill","","huge power"
"Lass Isabel",2,moves,"Marill","[]","['chilling water', 'disarming voice', 'metronome', 'tackle']"
"Lass Molly",0,ability,"Cleffa","","magic guard"
"Lass Molly",0,moves,"Cleffa","[]","['disarming voice', 'magical leaf', 'metronome', 'water pulse']"
"Lass Molly",1,ability,"Smoochum","","dry skin"
"Lass Molly",1,moves,"Smoochum","[]","['captivate', 'confusion', 'fake out', 'icy wind']"
"Lass Molly",2,ability,"Torchic","","speed boost"
"Lass Molly",2,moves,"Torchic","[]","['detect', 'flame wheel', 'mud-slap', 'pluck']"
"Lass Molly",3,ability,"Budew","","serene grace"
"Lass Molly",3,moves,"Budew","[]","['absorb', 'acid spray', 'leech seed', 'stun spore']"
"Lass Serena",0,ability,"Meowth","","technician"
"Lass Serena",0,moves,"Meowth","[]","['fake out', 'metal sound', 'pursuit', 'swift']"
"Lass Serena",1,ability,"Snubbull","","intimidate"
"Lass Serena",1,moves,"Snubbull","[]","['attract', 'covet', 'low sweep', 'secret power']"
"Lass Serena",2,ability,"Gothita","","patient"
"Lass Serena",2,moves,"Gothita","[]","['disarming voice', 'fake out', 'snarl', 'telekinesis']"
"Lass Serena",3,ability,"Staravia","","intimidate"
"Lass Serena",3,moves,"Staravia","[]","['karate chop', 'pluck', 'quick attack', 'secret power']"
"Leader Burgh",0,ability,"Kingler","","sheer force"
"Leader Burgh",0,moves,"Kingler","[]","['natural gift', 'razor shell', 'rock slide', 'skitter smack']"
"Leader Burgh",1,ability,"Galvantula","","serious"
"Leader Burgh",1,moves,"Galvantula","[]","['electroweb', 'icy wind', 'sticky web', 'struggle bug']"
"Leader Burgh",2,ability,"Escavalier","","sassy"
"Leader Burgh",2,moves,"Escavalier","[]","['1st impression', 'lunge', 'metal claw', 'natural gift']"
"Leader Burgh",3,ability,"Gliscor","","poison heal"
"Leader Burgh",3,moves,"Gliscor","[]","['aerial ace', 'bone club', 'lunge', 'tailwind']"
"Leader Burgh",4,ability,"Omastar","","weak armor"
"Leader Burgh",4,moves,"Omastar","[]","['ancient power', 'brine', 'icy wind', 'signal beam']"
"Leader Burgh",5,ability,"Leavanny","","overcoat"
"Leader Burgh",5,moves,"Leavanny","[]","['double kick', 'helping hand', 'leaf blade', 'return']"
"Leader Cheren",0,ability,"Skitty","","hustle"
"Leader Cheren",0,moves,"Skitty","[]","['covet', 'fake out', 'secret power', 'work up']"
"Leader Cheren",1,ability,"Oshawott","","defiant"
"Leader Cheren",1,moves,"Oshawott","[]","['aqua jet', 'rock smash', 'secret power', 'surf']"
"Leader Cheren",2,ability,"Snivy","","adaptability"
"Leader Cheren",2,moves,"Snivy","[]","['leaf blade', 'secret power', 'shock wave', 'work up']"
"Leader Cheren",3,ability,"Tepig","","sheer force"
"Leader Cheren",3,moves,"Tepig","[]","['bite', 'flamethrower', 'secret power', 'stomp']"
"Leader Cheren",4,ability,"Herdier","","intimidate"
"Leader Cheren",4,moves,"Herdier","[]","['lick', 'quick attack', 'secret power', 'work up']"
"Leader Clay",0,ability,"Dugtrio","","sand force"
"Leader Clay",0,moves,"Dugtrio","[]","['close combat', 'earthquake', 'iron head', 'stone edge']"
"Leader Clay",1,ability,"Electrode","","aftermath"
"Leader Clay",1,moves,"Electrode","[]","['double-edge', 'explosion', 'flash cannon', 'volt tackle']"
"Leader Clay",2,ability,"Armaldo","","battle armor"
"Leader Clay",2,moves,"Armaldo","[]","['aqua tail', 'leech life', 'power whip', 'rock climb']"
"Leader Clay",3,ability,"Rhydon","","solid rock"
"Leader Clay",3,moves,"Rhydon","[]","['brick break', 'drill run', 'horn drill', 'lunge']"
"Leader Clay",4,ability,"Conkeldurr","","hasty"
"Leader Clay",4,moves,"Conkeldurr","[]","['earthquake', 'head smash', 'slack off', 'superpower']"
"Leader Clay",5,ability,"Excadrill","","sand rush"
"Leader Clay",5,moves,"Excadrill","[]","['earthquake', 'iron head', 'rock climb', 'steamroller']"
"Leader Elesa",0,ability,"Plusle","","plus"
"Leader Elesa",0,moves,"Plusle","[]","['dazzling gleam', 'fire pledge', 'grass pledge', 'hyper voice']"
"Leader Elesa",1,ability,"Minun","","minus"
"Leader Elesa",1,moves,"Minun","[]","['fake out', 'glaciate', 'psychic noise', 'water pledge']"
"Leader Elesa",2,ability,"Glaceon","","permafrost"
"Leader Elesa",2,moves,"Glaceon","[]","['aurora beam', 'charge beam', 'extrasensory', 'light screen']"
"Leader Elesa",3,ability,"Milotic","","marvel scale"
"Leader Elesa",3,moves,"Milotic","[]","['draining kiss', 'follow me', 'natural gift', 'scald']"
"Leader Elesa",4,ability,"Lopunny","","hustle"
"Leader Elesa",4,moves,"Lopunny","[]","['retaliate', 'shadow punch', 'thunder punch', 'vital throw']"
"Leader Elesa",5,ability,"Zebstrika","","determined"
"Leader Elesa",5,moves,"Zebstrika","[]","['close combat', 'night daze', 'thrash', 'zap cannon']"
"Leader Roxie",0,ability,"Qwilfish","","intimidate"
"Leader Roxie",0,moves,"Qwilfish","[]","['flail', 'scald', 'toxic spikes', 'venoshock']"
"Leader Roxie",1,ability,"Loudred","","scrappy"
"Leader Roxie",1,moves,"Loudred","[]","['none', 'uproar']"
"Leader Roxie",2,ability,"Rotom","","levitate"
"Leader Roxie",2,moves,"Rotom","[]","['electroweb', 'hex', 'telekinesis', 'thunder wave']"
"Leader Roxie",3,ability,"Koffing","","levitate"
"Leader Roxie",3,moves,"Koffing","[]","['gyro ball', 'infernal parade', 'smog', 'will-o-wisp']"
"Leader Roxie",4,ability,"Mightyena","","intimidate"
"Leader Roxie",4,moves,"Mightyena","[]","['beat up', 'hyper voice', 'poison fang', 'pursuit']"
"Leader Roxie",5,ability,"Whirlipede","","rash"
"Leader Roxie",5,moves,"Whirlipede","[]","['barb barrage', 'heal order', 'twineedle', 'u-turn']"
"Leader Skyla",0,ability,"Empoleon","","lightning rod"
"Leader Skyla",0,moves,"Empoleon","[]","['blizzard', 'earth power', 'flash cannon', 'muddy water']"
"Leader Skyla",1,ability,"Staraptor","","reckless"
"Leader Skyla",1,moves,"Staraptor","[]","['brave bird', 'double-edge', 'superpower', 'u-turn']"
"Leader Skyla",2,ability,"Skarmory","","tenacity"
"Leader Skyla",2,moves,"Skarmory","[]","['dual wingbeat', 'earthquake', 'natural gift', 'steel wing']"
"Leader Skyla",3,ability,"Archeops","","intimidate"
"Leader Skyla",3,moves,"Archeops","[]","['head smash', 'heat wave', 'hurricane', 'substitute']"
"Leader Skyla",4,ability,"Blaziken","","determined"
"Leader Skyla",4,moves,"Blaziken","[]","['brave bird', 'close combat', 'earthquake', 'overheat']"
"Leader Skyla",5,ability,"Swanna","","serene grace"
"Leader Skyla",5,moves,"Swanna","[]","['blizzard', 'detect', 'hurricane', 'scald']"
"Motorcyclist Charles2",0,ability,"Yanmega","","tenacity"
"Motorcyclist Charles2",0,moves,"Yanmega","[]","['air slash', 'bug buzz']"
"Motorcyclist Charles2",1,ability,"Basculin","","modest"
"Motorcyclist Charles2",1,moves,"Basculin","[]","['ice beam', 'muddy water', 'ominous wind', 'strength']"
"Motorcyclist Charles2",2,ability,"Krookodile","","careful"
"Motorcyclist Charles2",2,moves,"Krookodile","[]","['crunch', 'fire fang', 'high horsepower', 'rock climb']"
"Motorcyclist Charles2",3,ability,"Machamp","","no guard"
"Motorcyclist Charles2",3,moves,"Machamp","[]","['cross chop', 'ice punch', 'play rough', 'stone edge']"
"Motorcyclist Charles2",4,ability,"Arbok","","sheer force"
"Motorcyclist Charles2",4,moves,"Arbok","[]","['cross poison', 'crunch', 'dragon rush', 'strength']"
"Musician Preston",0,ability,"Maractus","","heatproof"
"Musician Preston",0,moves,"Maractus","[]","['fiery dance', 'hyper voice', 'mud bomb', 'petal dance']"
"Musician Preston",1,ability,"Chatot","","amplifier"
"Musician Preston",1,moves,"Chatot","[]","['chatter', 'hyper voice', 'psychic noise', 'torment']"
"Musician Preston",2,ability,"Feraligatr","","careful"
"Musician Preston",2,moves,"Feraligatr","[]","['dragon claw', 'earthquake', 'muddy water', 'rock slide']"
"Musician Preston",3,ability,"Kricketune","","docile"
"Musician Preston",3,moves,"Kricketune","[]","['acrobatics', 'mud bomb', 'poison jab', 'shadow ball']"
"Nursery Aide Hollie",0,ability,"Igglybuff","","magic bounce"
"Nursery Aide Hollie",0,moves,"Igglybuff","[]","['double slap', 'flamethrower', 'hyper voice', 'thunderbolt']"
"Nursery Aide Hollie",1,ability,"Miltank","","scrappy"
"Nursery Aide Hollie",1,moves,"Miltank","[]","['body slam', 'captivate', 'charm', 'helping hand']"
"Nursery Aide Hollie",2,ability,"Pichu","","thunder armor"
"Nursery Aide Hollie",2,moves,"Pichu","[]","['discharge', 'draining kiss', 'fake out', 'surf']"
"Nursery Aide Hollie",3,ability,"Cleffa","","friend guard"
"Nursery Aide Hollie",3,moves,"Cleffa","[]","['meteor mash', 'milk drink', 'moonblast', 'psychic']"
"Nursery Aide Kimya",0,ability,"Luvdisc","","water absorb"
"Nursery Aide Kimya",0,moves,"Luvdisc","[]","['charm', 'chilling water', 'disarming voice', 'flip turn']"
"Nursery Aide Kimya",1,ability,"Pikachu","","galvanize"
"Nursery Aide Kimya",1,moves,"Pikachu","[]","['draining kiss', 'grass knot', 'shock wave', 'swift']"
"Nursery Aide Kimya",2,ability,"Combee","","swarm"
"Nursery Aide Kimya",2,moves,"Combee","[]","['air cutter', 'barb barrage', 'sparkle', 'struggle bug']"
"Nursery Aide Kimya",3,ability,"Munchlax","","thick fat"
"Nursery Aide Kimya",3,moves,"Munchlax","[]","['flamethrower', 'headbutt', 'ice beam', 'thunderbolt']"
"Nursery Aide Kimya",4,ability,"Grotle","","solid rock"
"Nursery Aide Kimya",4,moves,"Grotle","[]","['bulldoze', 'ingrain', 'rock tomb', 'synthesis']"
"Nursery Aide Lenora",0,ability,"Stoutland","","intimidate"
"Nursery Aide Lenora",0,moves,"Stoutland","[]","['crunch', 'headbutt', 'slack off', 'yawn']"
"Nursery Aide Lenora",1,ability,"Wigglytuff","","timid"
"Nursery Aide Lenora",1,moves,"Wigglytuff","[]","['double slap', 'flamethrower', 'ice beam', 'retaliate']"
"Nursery Aide Lenora",2,ability,"Bastiodon","","determined"
"Nursery Aide Lenora",2,moves,"Bastiodon","[]","['double-edge', 'endure', 'head smash', 'natural gift']"
"Nursery Aide Lenora",3,ability,"Watchog","","stakeout"
"Nursery Aide Lenora",3,moves,"Watchog","[]","['hypnosis', 'retaliate', 'strength', 'thrash']"
"Parasol Lady Nicole",0,ability,"Luvdisc","","friend guard"
"Parasol Lady Nicole",0,moves,"Luvdisc","[]","['hydro cannon', 'lovely kiss', 'moonblast', 'u-turn']"
"Parasol Lady Nicole",1,ability,"Carnivine","","patient"
"Parasol Lady Nicole",1,moves,"Carnivine","[]","['ingrain', 'iron head', 'scary face', 'weather ball']"
"Parasol Lady Nicole",2,ability,"Seismitoad","","impish"
"Parasol Lady Nicole",2,moves,"Seismitoad","[]","['drain punch', 'mud bomb', 'muddy water', 'poison jab']"
"Parasol Lady Nicole",3,ability,"Castform","","forecast"
"Parasol Lady Nicole",3,moves,"Castform","[]","['air slash', 'aurora beam', 'scald', 'thunderbolt']"
"Parasol Lady Nicole",4,ability,"Lumineon","","swift swim"
"Parasol Lady Nicole",4,moves,"Lumineon","[]","['dazzling gleam', 'ice beam', 'thunder', 'weather ball']"
"Parasol Lady Tihana",0,ability,"Masquerain","","serious"
"Parasol Lady Tihana",0,moves,"Masquerain","[]","['energy ball', 'quiver dance', 'scald', 'silver wind']"
"Parasol Lady Tihana",1,ability,"Seadra","","sniper"
"Parasol Lady Tihana",1,moves,"Seadra","[]","['flip turn', 'octazooka', 'outrage', 'seething cold']"
"Parasol Lady Tihana",2,ability,"Wailord","","truant"
"Parasol Lady Tihana",2,moves,"Wailord","[]","['hyper voice', 'surf', 'water spout', 'yawn']"
"Parasol Lady Tihana",3,ability,"Dewgong","","swift swim"
"Parasol Lady Tihana",3,moves,"Dewgong","[]","['freeze-dry', 'ice beam', 'supersonic', 'surf']"
"Pilot Chase",0,ability,"Emolga","","wind rider"
"Pilot Chase",0,moves,"Emolga","[]","['acrobatics', 'charm', 'u-turn', 'volt tackle']"
"Pilot Chase",1,ability,"Drifblim","","aerilate"
"Pilot Chase",1,moves,"Drifblim","[]","['double-edge', 'explosion', 'substitute', 'u-turn']"
"Pilot Chase",2,ability,"Charizard","","levitate"
"Pilot Chase",2,moves,"Charizard","[]","['acrobatics', 'dragon rush', 'earthquake', 'flare blitz']"
"Pilot Chase",3,ability,"Togekiss","","serene grace"
"Pilot Chase",3,moves,"Togekiss","[]","['air slash', 'ancient power', 'aura sphere', 'roost']"
"Pilot Chase",4,ability,"Machamp","","no guard"
"Pilot Chase",4,moves,"Machamp","[]","['bullet punch', 'dynamic punch', 'knock off', 'stone edge']"
"Pilot Chase",5,ability,"Braviary","","hustle"
"Pilot Chase",5,moves,"Braviary","[]","['crush claw', 'fly', 'rock slide', 'superpower']"
"Pilot Elron",0,ability,"Pidgeot","","no guard"
"Pilot Elron",0,moves,"Pidgeot","[]","['blizzard', 'feather dance', 'hurricane', 'roost']"
"Pilot Elron",1,ability,"Electrode","","reckless"
"Pilot Elron",1,moves,"Electrode","[]","['electro ball', 'magnet rise', 'spin out', 'superpower']"
"Pilot Elron",2,ability,"Mandibuzz","","rough skin"
"Pilot Elron",2,moves,"Mandibuzz","[]","['bone rush', 'knock off', 'razor winds', 'rock blast']"
"Pilot Elron",3,ability,"Glalie","","levitate"
"Pilot Elron",3,moves,"Glalie","[]","['earthquake', 'rock wrecker', 'switcheroo', 'triple axel']"
"Pilot Elron",4,ability,"Pelipper","","torrent"
"Pilot Elron",4,moves,"Pelipper","[]","['hurricane', 'hydro pump', 'ice beam', 'water spout']"
"Pilot Ewing",0,ability,"Claydol","","levitate"
"Pilot Ewing",0,moves,"Claydol","[]","['earth power', 'psychic', 'spikes', 'weather ball']"
"Pilot Ewing",1,ability,"Lunatone","","relaxed"
"Pilot Ewing",1,moves,"Lunatone","[]","['ancient power', 'fairy wind', 'mystical fire', 'stored power']"
"Pilot Ewing",2,ability,"Dodrio","","sand veil"
"Pilot Ewing",2,moves,"Dodrio","[]","['drill peck', 'drill run', 'head smash', 'thrash']"
"Pilot Ewing",3,ability,"Flygon","","hasty"
"Pilot Ewing",3,moves,"Flygon","[]","['boomburst', 'bug buzz', 'clanging scales', 'earthquake']"
"Pilot Ewing",4,ability,"Aerodactyl","","lax"
"Pilot Ewing",4,moves,"Aerodactyl","[]","['aqua tail', 'dual wingbeat', 'head smash', 'u-turn']"
"Pilot Flynn",0,ability,"Magnezone","","levitate"
"Pilot Flynn",0,moves,"Magnezone","[]","['flash cannon', 'supersonic', 'thunder wave', 'thunderbolt']"
"Pilot Flynn",1,ability,"Gliscor","","poison heal"
"Pilot Flynn",1,moves,"Gliscor","[]","['earthquake', 'protect', 'rock slide', 'sky drop']"
"Pilot Flynn",2,ability,"Altaria","","levitate"
"Pilot Flynn",2,moves,"Altaria","[]","['dragon rush', 'earthquake', 'fairy wind', 'hurricane']"
"Pilot Flynn",3,ability,"Yanmega","","tenacity"
"Pilot Flynn",3,moves,"Yanmega","[]","['air slash', 'bug buzz', 'dragon pulse', 'psychic noise']"
"Pilot Flynn",4,ability,"Klinklang","","levitate"
"Pilot Flynn",4,moves,"Klinklang","[]","['brick break', 'giga impact', 'steamroller', 'zap cannon']"
"Pilot Winslow",0,ability,"Vanilluxe","","snow warning"
"Pilot Winslow",0,moves,"Vanilluxe","[]","['blizzard', 'gunk shot', 'mirror coat', 'swagger']"
"Pilot Winslow",1,ability,"Golduck","","bold"
"Pilot Winslow",1,moves,"Golduck","[]","['psychic', 'superpower', 'wave crash', 'weather crash']"
"Pilot Winslow",2,ability,"Rotom","","levitate"
"Pilot Winslow",2,moves,"Rotom","[]","['blizzard', 'discharge', 'volt switch', 'will-o-wisp']"
"Pilot Winslow",3,ability,"Empoleon","","snow cloak"
"Pilot Winslow",3,moves,"Empoleon","[]","['drill peck', 'steel wing', 'swords dance', 'waterfall']"
"Pilot Winslow",4,ability,"Castform","","forecast"
"Pilot Winslow",4,moves,"Castform","[]","['heat wave', 'surf', 'thunderbolt', 'weather ball']"
"PkMn Ranger Anja",0,ability,"Sudowoodo","","prankster"
"PkMn Ranger Anja",0,moves,"Sudowoodo","[]","['hammer arm', 'ingrain', 'rock climb', 'thunder wave']"
"PkMn Ranger Anja",1,ability,"Dodrio","","tough claws"
"PkMn Ranger Anja",1,moves,"Dodrio","[]","['aerial ace', 'rock slide', 'stompin tantrum', 'submission']"
"PkMn Ranger Anja",2,ability,"Armaldo","","battle armor"
"PkMn Ranger Anja",2,moves,"Armaldo","[]","['dragon dance', 'razor shell', 'rock slide', 'x-scissor']"
"PkMn Ranger Briana",0,ability,"Sceptile","","unburden"
"PkMn Ranger Briana",0,moves,"Sceptile","[]","['acrobatics', 'dragon claw', 'leaf blade', 'thunder punch']"
"PkMn Ranger Briana",1,ability,"Serperior","","adaptability"
"PkMn Ranger Briana",1,moves,"Serperior","[]","['discharge', 'glare', 'leaf tornado', 'thunderbolt']"
"PkMn Ranger Briana",2,ability,"Nidoqueen","","sheer force"
"PkMn Ranger Briana",2,moves,"Nidoqueen","[]","['focus blast', 'ice beam', 'stompin tantrum', 'thunder']"
"PkMn Ranger Briana",3,ability,"Sawsbuck","","serene grace"
"PkMn Ranger Briana",3,moves,"Sawsbuck","[]","['body slam', 'iron head', 'rock slide', 'zen headbutt']"
"PkMn Ranger Forrest",0,ability,"Exeggutor","","chlorophyll"
"PkMn Ranger Forrest",0,moves,"Exeggutor","[]","['extrasensory', 'flame burst', 'follow me', 'wood hammer']"
"PkMn Ranger Forrest",1,ability,"Mothim","","pickpocket"
"PkMn Ranger Forrest",1,moves,"Mothim","[]","['dual wingbeat', 'fake out', 'lunge', 'sleep powder']"
"PkMn Ranger Forrest",2,ability,"Swampert","","sheer force"
"PkMn Ranger Forrest",2,moves,"Swampert","[]","['bulldoze', 'ice punch', 'muddy water', 'rock slide']"
"PkMn Ranger Jaden",0,ability,"Carracosta","","naive"
"PkMn Ranger Jaden",0,moves,"Carracosta","[]","['avalanche', 'flip turn', 'razor shell', 'rock slide']"
"PkMn Ranger Jaden",1,ability,"Mandibuzz","","overcoat"
"PkMn Ranger Jaden",1,moves,"Mandibuzz","[]","['dual wingbeat', 'knock off', 'steel wing', 'u-turn']"
"PkMn Ranger Jaden",2,ability,"Shelgon","","strong body"
"PkMn Ranger Jaden",2,moves,"Shelgon","[]","['body press', 'dragon tail', 'gyro ball', 'temper flare']"
"PkMn Ranger Jaden",3,ability,"Maractus","","sand rush"
"PkMn Ranger Jaden",3,moves,"Maractus","[]","['natural gift', 'needle arm', 'scald', 'scorching sands']"
"PkMn Ranger Lois",0,ability,"Unfezant","","unburden"
"PkMn Ranger Lois",0,moves,"Unfezant","[]","['acrobatics', 'body slam', 'brick break', 'swords dance']"
"PkMn Ranger Lois",1,ability,"Rapidash","","serene grace"
"PkMn Ranger Lois",1,moves,"Rapidash","[]","['blaze kick', 'horn leech', 'iron head', 'moonblast']"
"PkMn Ranger Lois",2,ability,"Venusaur","","thick fat"
"PkMn Ranger Lois",2,moves,"Venusaur","[]","['earthquake', 'gunk shot', 'power whip', 'sleep powder']"
"PkMn Ranger Louis",0,ability,"Galvantula","","sassy"
"PkMn Ranger Louis",0,moves,"Galvantula","[]","['energy ball', 'scorching swarm', 'sludge bomb', 'thunder']"
"PkMn Ranger Louis",1,ability,"Huntail","","illumination"
"PkMn Ranger Louis",1,moves,"Huntail","[]","['aqua tail', 'dragon rush', 'iron tail', 'wild charge']"
"PkMn Ranger Louis",2,ability,"Forretress","","quiet"
"PkMn Ranger Louis",2,moves,"Forretress","[]","['bug buzz', 'explosion', 'flash cannon', 'zap cannon']"
"PkMn Ranger Louis",3,ability,"Vespiquen","","rash"
"PkMn Ranger Louis",3,moves,"Vespiquen","[]","['attack order', 'defend order', 'roost', 'whirlwind']"
"PkMn Ranger Richard",0,ability,"Leavanny","","overcoat"
"PkMn Ranger Richard",0,moves,"Leavanny","[]","['fake out', 'knock off', 'liquidation', 'sticky web']"
"PkMn Ranger Richard",1,ability,"Sawsbuck-Winter","","naive"
"PkMn Ranger Richard",1,moves,"Sawsbuck-Winter","[]","['barrage', 'bone rush', 'bullet seed', 'icicle spear']"
"PkMn Ranger Richard",2,ability,"Victreebel","","calm"
"PkMn Ranger Richard",2,moves,"Victreebel","[]","['knock off', 'poison jab', 'power whip', 'weather crash']"
"PkMn Ranger Richard",3,ability,"Rotom","","galvanize"
"PkMn Ranger Richard",3,moves,"Rotom","[]","['leaf storm', 'protect', 'stored power', 'thunder']"
"PkMn Ranger Richard",4,ability,"Ludicolo","","swift swim"
"PkMn Ranger Richard",4,moves,"Ludicolo","[]","['energy ball', 'hyper voice', 'ice beam', 'scald']"
"PkMn Ranger Serenity",0,ability,"Huntail","","drizzle"
"PkMn Ranger Serenity",0,moves,"Huntail","[]","['devour', 'flip turn', 'thunder fang', 'waterfall']"
"PkMn Ranger Serenity",1,ability,"Tangrowth","","chlorophyll"
"PkMn Ranger Serenity",1,moves,"Tangrowth","[]","['ancient power', 'giga drain', 'sludge', 'water pulse']"
"PkMn Ranger Serenity",2,ability,"Stunfisk","","dry skin"
"PkMn Ranger Serenity",2,moves,"Stunfisk","[]","['discharge', 'muddy water', 'sludge wave', 'stompin tantrum']"
"PkMn Ranger Serenity",3,ability,"Poliwrath","","swift swim"
"PkMn Ranger Serenity",3,moves,"Poliwrath","[]","['barrage', 'brick break', 'ice punch', 'poison jab']"
"PkMn Trainer Rood",0,ability,"Swoobat","","keen senses"
"PkMn Trainer Rood",0,moves,"Swoobat","[]","['hurricane', 'hypnosis', 'iron tail', 'moonblast']"
"PkMn Trainer Rood",1,ability,"Tauros","","intimidate"
"PkMn Trainer Rood",1,moves,"Tauros","[]","['aqua tail', 'close combat', 'rage', 'thrash']"
"PkMn Trainer Rood",2,ability,"Darmanitan","","adamant"
"PkMn Trainer Rood",2,moves,"Darmanitan","[]","['flare blitz', 'hammer arm', 'protect', 'zen headbutt']"
"PkMn Trainer Rood",3,ability,"Zoroark","","exploit"
"PkMn Trainer Rood",3,moves,"Zoroark","[]","['dark pulse', 'flamethrower', 'knock off', 'sludge bomb']"
"PkMn Trainer Rood",4,ability,"Dusknoir","","shadow tag"
"PkMn Trainer Rood",4,moves,"Dusknoir","[]","['drain punch', 'fire punch', 'ice punch', 'shadow punch']"
"Pokefan Georgia",0,ability,"Clefable","","unaware"
"Pokefan Georgia",0,moves,"Clefable","[]","['healing wish', 'moonblast', 'psychic', 'shadow ball']"
"Pokefan Georgia",1,ability,"Reuniclus","","magic guard"
"Pokefan Georgia",1,moves,"Reuniclus","[]","['focus blast', 'psystrike', 'recover', 'reflect type']"
"Pokefan Georgia",2,ability,"Delcatty","","normalize"
"Pokefan Georgia",2,moves,"Delcatty","[]","['fake out', 'ice beam', 'sucker punch', 'u-turn']"
"Pokefan Georgia",3,ability,"Drifblim","","flare boost"
"Pokefan Georgia",3,moves,"Drifblim","[]","['dream eater', 'heat wave', 'hypnosis', 'ominous wind']"
"Pokefan Jude",0,ability,"Purugly","","skill link"
"Pokefan Jude",0,moves,"Purugly","[]","['attract', 'fury swipes', 'hypnosis', 'tail slap']"
"Pokefan Jude",1,ability,"Spinda","","contrary"
"Pokefan Jude",1,moves,"Spinda","[]","['close combat', 'ice hammer', 'spin out', 'stored power']"
"Pokefan Jude",2,ability,"Umbreon","","magic guard"
"Pokefan Jude",2,moves,"Umbreon","[]","['counter', 'nasty plot', 'night daze', 'psychic']"
"Pokefan Jude",3,ability,"Stantler","","illusion"
"Pokefan Jude",3,moves,"Stantler","[]","['psycho boost', 'retaliate', 'shadow force', 'work up']"
"Pokefan Norbert",0,ability,"Furret","","adaptability"
"Pokefan Norbert",0,moves,"Furret","[]","['brutal swing', 'charm', 'rest', 'secret power']"
"Pokefan Norbert",1,ability,"Granbull","","intimidate"
"Pokefan Norbert",1,moves,"Granbull","[]","['bite', 'dizzy punch', 'headbutt', 'vital throw']"
"Pokefan Norbert",2,ability,"Noctowl","","keen senses"
"Pokefan Norbert",2,moves,"Noctowl","[]","['air cutter', 'hex', 'hypnosis', 'icy wind']"
"Pokefan Norbert",3,ability,"Lanturn","","volt absorb"
"Pokefan Norbert",3,moves,"Lanturn","[]","['charge', 'shock wave', 'thunder wave', 'water pulse']"
"Pokefan Norbert",4,ability,"Dunsparce","","serene grace"
"Pokefan Norbert",4,moves,"Dunsparce","[]","['body slam', 'dizzy punch', 'roost', 'scorching sands']"
"Pokefan Sachiko",0,ability,"Delcatty","","normalize"
"Pokefan Sachiko",0,moves,"Delcatty","[]","['double slap', 'fake out', 'sucker punch', 'u-turn']"
"Pokefan Sachiko",1,ability,"Leafeon","","tenacity"
"Pokefan Sachiko",1,moves,"Leafeon","[]","['grass whistle', 'rock slide', 'swords dance', 'trop kick']"
"Pokefan Sachiko",2,ability,"Starmie","","illumination"
"Pokefan Sachiko",2,moves,"Starmie","[]","['aurora beam', 'bubble beam', 'hypnosis', 'psybeam']"
"Policeman Dell",0,ability,"Stoutland","","intimidate"
"Policeman Dell",0,moves,"Stoutland","[]","['fire fang', 'ice fang', 'take down', 'thunder fang']"
"Policeman Dell",1,ability,"Noctowl","","overcoat"
"Policeman Dell",1,moves,"Noctowl","[]","['air slash', 'grudge', 'hyper voice', 'roost']"
"Policeman Dell",2,ability,"Gallade","","friend guard"
"Policeman Dell",2,moves,"Gallade","[]","['drain punch', 'leaf blade', 'psycho cut', 'rock slide']"
"Policeman Neagle",0,ability,"Farfetch'd","","jolly"
"Policeman Neagle",0,moves,"Farfetch'd","[]","['hurricane', 'leaf tornado', 'sacred sword', 'weather ball']"
"Policeman Neagle",1,ability,"Muk","","water absorb"
"Policeman Neagle",1,moves,"Muk","[]","['block', 'dive', 'payback', 'poison jab']"
"Policeman Neagle",2,ability,"Hariyama","","thick fat"
"Policeman Neagle",2,moves,"Hariyama","[]","['body slam', 'bullet punch', 'focus punch', 'wave crash']"
"Policeman Neagle",3,ability,"Poliwrath","","swift swim"
"Policeman Neagle",3,moves,"Poliwrath","[]","['hydro pump', 'hypnosis', 'lunge', 'sky uppercut']"
"Preschooler Albert",0,ability,"Snorunt","","snow warning"
"Preschooler Albert",0,moves,"Snorunt","[]","['headbutt', 'icy wind', 'mirror coat', 'super fang']"
"Preschooler Albert",1,ability,"Snover","","filter"
"Preschooler Albert",1,moves,"Snover","[]","['ice shard', 'icy wind', 'pin missile', 'razor leaf']"
"Preschooler Albert",2,ability,"Buneary","","fluffy"
"Preschooler Albert",2,moves,"Buneary","[]","['fake out', 'headbutt', 'ice beam', 'low sweep']"
"Preschooler Albert",3,ability,"Prinplup","","slush rush"
"Preschooler Albert",3,moves,"Prinplup","[]","['brine', 'icicle spear', 'metal claw', 'pluck']"
"Preschooler Chrissy",0,ability,"Charmander","","mild"
"Preschooler Chrissy",0,moves,"Charmander","[]","['dragon claw', 'overheat', 'return', 'will-o-wisp']"
"Preschooler Chrissy",1,ability,"Treecko","","overgrow"
"Preschooler Chrissy",1,moves,"Treecko","[]","['drain punch', 'energy ball', 'iron tail', 'knock off']"
"Preschooler Chrissy",2,ability,"Piplup","","torrent"
"Preschooler Chrissy",2,moves,"Piplup","[]","['dual wingbeat', 'ice beam', 'scald', 'steel wing']"
"Preschooler Greg",0,ability,"Totodile","","torrent"
"Preschooler Greg",0,moves,"Totodile","[]","['crunch', 'ice fang', 'muddy water', 'return']"
"Preschooler Greg",1,ability,"Chimchar","","blaze"
"Preschooler Greg",1,moves,"Chimchar","[]","['endure', 'fake out', 'flamethrower', 'hyper voice']"
"Preschooler Greg",2,ability,"Bulbasaur","","overgrow"
"Preschooler Greg",2,moves,"Bulbasaur","[]","['earth power', 'energy ball', 'sleep powder', 'sludge bomb']"
"Preschooler Lin",0,ability,"Slugma","","drought"
"Preschooler Lin",0,moves,"Slugma","[]","['flame burst', 'mud shot', 'sparkle', 'will-o-wisp']"
"Preschooler Lin",1,ability,"Sunkern","","solar power"
"Preschooler Lin",1,moves,"Sunkern","[]","['flame wheel', 'leech seed', 'mega drain', 'secret power']"
"Preschooler Lin",2,ability,"Roggenrola","","bold"
"Preschooler Lin",2,moves,"Roggenrola","[]","['disarming voice', 'electroweb', 'incinerate', 'sparkle']"
"Preschooler Lin",3,ability,"Quilava","","blaze"
"Preschooler Lin",3,moves,"Quilava","[]","['bulldoze', 'incinerate', 'reversal', 'swift']"
"Psychic Dua",0,ability,"Girafarig","","sap sipper"
"Psychic Dua",0,moves,"Girafarig","[]","['crunch', 'dazzling gleam', 'double kick', 'hypnosis']"
"Psychic Dua",1,ability,"Hypno","","bad dreams"
"Psychic Dua",1,moves,"Hypno","[]","['dream eater', 'hypnosis', 'smog', 'sweet scent']"
"Psychic Dua",2,ability,"Relicanth","","battle armor"
"Psychic Dua",2,moves,"Relicanth","[]","['rock slide', 'shadow claw', 'soak', 'waterfall']"
"Psychic Dua",3,ability,"Cofagrigus","","brave"
"Psychic Dua",3,moves,"Cofagrigus","[]","['hex', 'mirror shot', 'mystical fire', 'scorching sands']"
"Psychic Ena",0,ability,"Claydol","","heavy metal"
"Psychic Ena",0,moves,"Claydol","[]","['body press', 'earthquake', 'grudge', 'ice beam']"
"Psychic Ena",1,ability,"Marowak","","sturdy"
"Psychic Ena",1,moves,"Marowak","[]","['brick break', 'earthquake', 'lunge', 'rock slide']"
"Psychic Future",0,ability,"Grumpig","","magic guard"
"Psychic Future",0,moves,"Grumpig","[]","['dizzy punch', 'feint attack', 'foul play', 'psycho cut']"
"Psychic Future",1,ability,"Marowak","","battle armor"
"Psychic Future",1,moves,"Marowak","[]","['bulldoze', 'rock tomb', 'shadow claw', 'shadow sneak']"
"Psychic Future",2,ability,"Lucario","","exploit"
"Psychic Future",2,moves,"Lucario","[]","['dark pulse', 'extreme speed', 'force palm', 'metal claw']"
"Psychic Future",3,ability,"Lunatone","","solid rock"
"Psychic Future",3,moves,"Lunatone","[]","['ancient power', 'calm mind', 'mystical fire', 'recover']"
"Psychic Joyce",0,ability,"Gothitelle","","rash"
"Psychic Joyce",0,moves,"Gothitelle","[]","['aura sphere', 'fake out', 'follow me', 'psystrike']"
"Psychic Joyce",1,ability,"Banette","","shadow tag"
"Psychic Joyce",1,moves,"Banette","[]","['destiny bond', 'retaliate', 'shadow force', 'sucker punch']"
"Psychic Low",0,ability,"Xatu","","patient"
"Psychic Low",0,moves,"Xatu","[]","['air cutter', 'esper wing', 'mystical fire', 'ominous wind']"
"Psychic Low",1,ability,"Medicham","","huge power"
"Psychic Low",1,moves,"Medicham","[]","['aura sphere', 'light screen', 'psycho cut', 'shadow ball']"
"Psychic Low",2,ability,"Mawile","","sheer force"
"Psychic Low",2,moves,"Mawile","[]","['metal claw', 'play rough', 'rock slide', 'thunder fang']"
"Psychic Low",3,ability,"Slowking","","shell armor"
"Psychic Low",3,moves,"Slowking","[]","['curse', 'dragon tail', 'slack off', 'zen headbutt']"
"Psychic Micki",0,ability,"Ninetales","","serene grace"
"Psychic Micki",0,moves,"Ninetales","[]","['dazzling gleam', 'extrasensory', 'ominous wind', 'searing shot']"
"Psychic Micki",1,ability,"Bronzong","","levitate"
"Psychic Micki",1,moves,"Bronzong","[]","['boomburst', 'helping hand', 'psycho boost', 'spin out']"
"Psychic Perry",0,ability,"Musharna","","draining kiss dream eater shadow ball light screen"
"Psychic Perry",1,ability,"Stantler","","illusion"
"Psychic Perry",1,moves,"Stantler","[]","['dream eater', 'grudge', 'reflect', 'retaliate']"
"Psychic Perry",2,ability,"Claydol","","levitate"
"Psychic Perry",2,moves,"Claydol","[]","['extrasensory', 'mystical fire', 'scorching sands', 'spin out']"
"Psychic Tommy",0,ability,"Sigilyph","","tenacity"
"Psychic Tommy",0,moves,"Sigilyph","[]","['air slash', 'esper wing', 'scorching sands', 'weather ball']"
"Psychic Tommy",1,ability,"Golurk","","weak armor"
"Psychic Tommy",1,moves,"Golurk","[]","['bulldoze', 'dizzy punch', 'rock slide', 'shadow punch']"
"Psychic Tommy",2,ability,"Chimecho","","levitate"
"Psychic Tommy",2,moves,"Chimecho","[]","['flash cannon', 'moonblast', 'recover', 'weather ball']"
"Psychic Tully",0,ability,"Xatu","","magic bounce"
"Psychic Tully",0,moves,"Xatu","[]","['air slash', 'ancient power', 'light screen', 'psychic noise']"
"Psychic Tully",1,ability,"Beheeyem","","levitate"
"Psychic Tully",1,moves,"Beheeyem","[]","['discharge', 'energy ball', 'ice beam', 'shadow ball']"
"Rich Boy Keenan",0,ability,"Arcanine","","intimidate"
"Rich Boy Keenan",0,moves,"Arcanine","[]","['crunch', 'flame burst', 'take down', 'thunder fang']"
"Rich Boy Keenan",1,ability,"Whiscash","","adaptability"
"Rich Boy Keenan",1,moves,"Whiscash","[]","['flip turn', 'stompin tantrum', 'thunderbolt', 'waterfall']"
"Rich Boy Keenan",2,ability,"Luxray","","guts"
"Rich Boy Keenan",2,moves,"Luxray","[]","['feint attack', 'fire fang', 'ice fang', 'thunder fang']"
"Rich Boy Rolan",0,ability,"Plusle","","volt absorb"
"Rich Boy Rolan",0,moves,"Plusle","[]","['fire pledge', 'grass pledge', 'thunderbolt', 'water pledge']"
"Rich Boy Rolan",1,ability,"Volbeat","","illumination"
"Rich Boy Rolan",1,moves,"Volbeat","[]","['bug buzz', 'moonlight', 'tail glow', 'thunder']"
"Rich Boy Rolan",2,ability,"Staraptor","","intimidate"
"Rich Boy Rolan",2,moves,"Staraptor","[]","['aerial ace', 'crush claw', 'quick attack', 'rock smash']"
"Rich Boy Rolan",3,ability,"Porygon-Z","","adaptability"
"Rich Boy Rolan",3,moves,"Porygon-Z","[]","['aurora beam', 'charge beam', 'psybeam', 'signal beam']"
"Roughneck Nicky",0,ability,"Eelektrik","","levitate"
"Roughneck Nicky",0,moves,"Eelektrik","[]","['leech life', 'parabolic zap', 'toxic spikes', 'water pulse']"
"Roughneck Nicky",1,ability,"Croconaw","","torrent"
"Roughneck Nicky",1,moves,"Croconaw","[]","['barrage', 'beat up', 'glare', 'scale shot']"
"Roughneck Nicky",2,ability,"Weepinbell","","rash"
"Roughneck Nicky",2,moves,"Weepinbell","[]","['poison fang', 'razor leaf', 'sleep powder', 'swords dance']"
"Roughneck Nicky",3,ability,"Primeape","","defiant"
"Roughneck Nicky",3,moves,"Primeape","[]","['beat up', 'pursuit', 'rage', 'vital throw']"
"Roughneck Nicky",4,ability,"Beedrill","","levitate"
"Roughneck Nicky",4,moves,"Beedrill","[]","['barb barrage', 'bug bite', 'reversal', 'toxic']"
"Roughneck Silvester",0,ability,"Scrafty","","intimidate"
"Roughneck Silvester",0,moves,"Scrafty","[]","['brick break', 'crunch', 'poison jab', 'stone edge']"
"Roughneck Silvester",1,ability,"Garbodor","","weak armor"
"Roughneck Silvester",1,moves,"Garbodor","[]","['knock off', 'metal claw', 'poison jab', 'shift gear']"
"Roughneck Silvester",2,ability,"Cloyster","","shell armor"
"Roughneck Silvester",2,moves,"Cloyster","[]","['clamp', 'explosion', 'ice beam', 'spin out']"
"School Kid Alvin",0,ability,"Dragonair","","majestic ward"
"School Kid Alvin",0,moves,"Dragonair","[]","['draco meteor', 'hurricane', 'icy wind', 'weather ball']"
"School Kid Alvin",1,ability,"Feraligatr","","naughty"
"School Kid Alvin",1,moves,"Feraligatr","[]","['crunch', 'ice punch', 'iron tail', 'liquidation']"
"School Kid Alvin",2,ability,"Gorebyss","","swift swim"
"School Kid Alvin",2,moves,"Gorebyss","[]","['dragon pulse', 'hypnosis', 'muddy water', 'sludge bomb']"
"School Kid Dwight",0,ability,"Floatzel","","technician"
"School Kid Dwight",0,moves,"Floatzel","[]","['chilling water', 'flip turn', 'natural gift', 'tail slap']"
"School Kid Dwight",1,ability,"Whiscash","","adaptability"
"School Kid Dwight",1,moves,"Whiscash","[]","['earthquake', 'muddy water', 'swagger', 'volt tackle']"
"School Kid Dwight",2,ability,"Pikachu","","galvanize"
"School Kid Dwight",2,moves,"Pikachu","[]","['extreme speed', 'present', 'surf', 'thunderbolt']"
"School Kid Dwight",3,ability,"Lanturn","","volt absorb"
"School Kid Dwight",3,moves,"Lanturn","[]","['blizzard', 'hydro pump', 'thunder', 'thunder wave']"
"School Kid Janice",0,ability,"Excadrill","","sturdy"
"School Kid Janice",0,moves,"Excadrill","[]","['drill run', 'iron head', 'rock slide', 'x-scissor']"
"School Kid Janice",1,ability,"Ferrothorn","","adamant"
"School Kid Janice",1,moves,"Ferrothorn","[]","['heavy slam', 'knock off', 'power whip', 'thunder']"
"School Kid Janice",2,ability,"Eelektross","","hardy"
"School Kid Janice",2,moves,"Eelektross","[]","['aqua tail', 'crunch', 'giga drain', 'thunderbolt']"
"School Kid Janice",3,ability,"Scizor","","light metal"
"School Kid Janice",3,moves,"Scizor","[]","['acrobatics', 'lunge', 'rock slide', 'substitute']"
"School Kid Mara",0,ability,"Gardevoir","","trace"
"School Kid Mara",0,moves,"Gardevoir","[]","['aura sphere', 'draining kiss', 'dream eater', 'water pulse']"
"School Kid Mara",1,ability,"Altaria","","levitate"
"School Kid Mara",1,moves,"Altaria","[]","['hurricane', 'moonblast', 'thunder', 'weather crash']"
"School Kid Mara",2,ability,"Azumarill","","huge power"
"School Kid Mara",2,moves,"Azumarill","[]","['aqua jet', 'dive', 'return', 'zen headbutt']"
"School Kid Neil",0,ability,"Simisage","","overgrow"
"School Kid Neil",0,moves,"Simisage","[]","['crunch', 'follow me', 'natural gift', 'vine whip']"
"School Kid Neil",1,ability,"Simipour","","torrent"
"School Kid Neil",1,moves,"Simipour","[]","['aurora beam', 'helping hand', 'natural gift', 'scald']"
"School Kid Neil",2,ability,"Simisear","","blaze"
"School Kid Neil",2,moves,"Simisear","[]","['fire punch', 'natural gift', 'scorching sands', 'sweet scent']"
"School Kid Neil",3,ability,"Eevee","","adaptability"
"School Kid Neil",3,moves,"Eevee","[]","['body slam', 'double kick', 'play rough', 'shadow ball']"
"School Kid Neil",4,ability,"Pikachu","","galvanize"
"School Kid Neil",4,moves,"Pikachu","[]","['fake out', 'grass knot', 'uproar', 'water pulse']"
"Scientist Bryce",0,ability,"Kadabra","","magic guard"
"Scientist Bryce",0,moves,"Kadabra","[]","['light screen', 'reflect', 'shock wave', 'telekinesis']"
"Scientist Bryce",1,ability,"Porygon","","normalize"
"Scientist Bryce",1,moves,"Porygon","[]","['recover', 'shock wave', 'swift', 'thunder wave']"
"Scientist Bryce",2,ability,"Ferroseed","","iron barbs"
"Scientist Bryce",2,moves,"Ferroseed","[]","['bullet seed', 'explosion', 'shock wave', 'spike cannon']"
"Scientist Bryce",3,ability,"Drifloon","","flare boost"
"Scientist Bryce",3,moves,"Drifloon","[]","['air cutter', 'flame burst', 'ominous wind', 'shock wave']"
"Scientist Caroline",0,ability,"Butterfree","","sassy"
"Scientist Caroline",0,moves,"Butterfree","[]","['air cutter', 'giga drain', 'signal beam', 'sleep powder']"
"Scientist Caroline",1,ability,"Watchog","","patient"
"Scientist Caroline",1,moves,"Watchog","[]","['dream eater', 'feint attack', 'hyper fang', 'hypnosis']"
"Scientist Caroline",2,ability,"Unown","","levitate"
"Scientist Caroline",2,moves,"Unown","[]","['healing wish', 'magical leaf', 'psychic noise', 'shadow ball']"
"Scientist Caroline",3,ability,"Audino","","poison heal"
"Scientist Caroline",3,moves,"Audino","[]","['double-edge', 'draining kiss', 'recover', 'toxic']"
"Scientist Clarke",0,ability,"Whimsicott","","sassy"
"Scientist Clarke",0,moves,"Whimsicott","[]","['acrobatics', 'dizzy punch', 'magical leaf', 'parting shot']"
"Scientist Clarke",1,ability,"Kadabra","","magic guard"
"Scientist Clarke",1,moves,"Kadabra","[]","['dazzling gleam', 'dream eater', 'hypnosis', 'mystical fire']"
"Scientist Clarke",2,ability,"Spinda","","contrary"
"Scientist Clarke",2,moves,"Spinda","[]","['dizzy punch', 'fake out', 'psybeam', 'uproar']"
"Scientist Clarke",3,ability,"Manectric","","intimidate"
"Scientist Clarke",3,moves,"Manectric","[]","['bite', 'charge', 'dig', 'discharge']"
"Scientist Jacques",0,ability,"Golduck","","determined"
"Scientist Jacques",0,moves,"Golduck","[]","['double-edge', 'fake out', 'psychic', 'wave crash']"
"Scientist Jacques",1,ability,"Reuniclus","","gooey"
"Scientist Jacques",1,moves,"Reuniclus","[]","['follow me', 'psychic', 'shadow ball', 'thunder']"
"Scientist Jacques",2,ability,"Bronzong","","heavy metal"
"Scientist Jacques",2,moves,"Bronzong","[]","['body press', 'flash cannon', 'rock slide', 'weather ball']"
"Scientist Lumi",0,ability,"Beheeyem","","inner focus"
"Scientist Lumi",0,moves,"Beheeyem","[]","['cosmic power', 'psychic', 'recover', 'thunderbolt']"
"Scientist Lumi",1,ability,"Grumpig","","magic guard"
"Scientist Lumi",1,moves,"Grumpig","[]","['crunch', 'facade', 'psycho shift', 'zen headbutt']"
"Scientist Lumi",2,ability,"Mismagius","","illusion"
"Scientist Lumi",2,moves,"Mismagius","[]","['dazzling gleam', 'hypnosis', 'shadow ball', 'thunderbolt']"
"Scientist Lumi",3,ability,"Espeon","","chlorophyll"
"Scientist Lumi",3,moves,"Espeon","[]","['psyshock', 'shadow ball', 'solar beam', 'zap cannon']"
"Scientist Lumina",0,ability,"Torkoal","","shell armor"
"Scientist Lumina",0,moves,"Torkoal","[]","['body slam', 'flame burst', 'poison gas', 'stompin tantrum']"
"Scientist Lumina",1,ability,"Munchlax","","thick fat"
"Scientist Lumina",1,moves,"Munchlax","[]","['payback', 'rage', 'rest', 'sleep talk']"
"Scientist Lumina",2,ability,"Amoonguss","","regenerator"
"Scientist Lumina",2,moves,"Amoonguss","[]","['giga drain', 'night shade', 'sleep powder', 'venoshock']"
"Scientist Lumina",3,ability,"Quagsire","","water absorb"
"Scientist Lumina",3,moves,"Quagsire","[]","['bulldoze', 'curse', 'recover', 'waterfall']"
"Scientist Marissa",0,ability,"Toxicroak","","swift swim"
"Scientist Marissa",0,moves,"Toxicroak","[]","['close combat', 'mud bomb', 'muddy water', 'sludge bomb']"
"Scientist Marissa",1,ability,"Golbat","","infiltrator"
"Scientist Marissa",1,moves,"Golbat","[]","['cross poison', 'dark pulse', 'hurricane', 'tailwind']"
"Scientist Marissa",2,ability,"Qwilfish","","intimidate"
"Scientist Marissa",2,moves,"Qwilfish","[]","['crunch', 'destiny bond', 'hydro pump', 'poison jab']"
"Scientist Ronald",0,ability,"Jynx","","majestic ward"
"Scientist Ronald",0,moves,"Jynx","[]","['ice beam', 'lovely kiss', 'psychic', 'surf']"
"Scientist Ronald",1,ability,"Cryogonal","","levitate"
"Scientist Ronald",1,moves,"Cryogonal","[]","['blizzard', 'flash cannon', 'mean look', 'thunderbolt']"
"Scientist Ronald",2,ability,"Magnezone","","light metal"
"Scientist Ronald",2,moves,"Magnezone","[]","['discharge', 'earth power', 'energy ball', 'self-destruct']"
"Scientist Ronald",3,ability,"Glaceon","","permafrost"
"Scientist Ronald",3,moves,"Glaceon","[]","['calm mind', 'charge beam', 'ice beam', 'recover']"
"Scientist Terrance",0,ability,"Porygon2","","trace"
"Scientist Terrance",0,moves,"Porygon2","[]","['facade', 'parabolic zap', 'psybeam', 'recover']"
"Scientist Terrance",1,ability,"Hitmontop","","intimidate"
"Scientist Terrance",1,moves,"Hitmontop","[]","['block', 'bullet punch', 'feint attack', 'vital throw']"
"Scientist Terrance",2,ability,"Probopass","","sturdy"
"Scientist Terrance",2,moves,"Probopass","[]","['magnet bomb', 'magnet rise', 'power gem', 'shock wave']"
"Scientist Terrance",3,ability,"Duosion","","magic guard"
"Scientist Terrance",3,moves,"Duosion","[]","['calm mind', 'psybeam', 'shadow ball', 'signal beam']"
"Sinnoh Leader Volkner",0,ability,"Jolteon","","tenacity"
"Sinnoh Leader Volkner",0,moves,"Jolteon","[]","['protect', 'shadow ball', 'thunderbolt', 'volt switch']"
"Sinnoh Leader Volkner",1,ability,"Octillery","","sniper"
"Sinnoh Leader Volkner",1,moves,"Octillery","[]","['charge beam', 'flamethrower', 'octazooka', 'sludge bomb']"
"Sinnoh Leader Volkner",2,ability,"Luxray","","guts"
"Sinnoh Leader Volkner",2,moves,"Luxray","[]","['crunch', 'ice fang', 'sucker punch', 'thunder fang']"
"Sinnoh Leader Volkner",3,ability,"Ambipom","","speed boost"
"Sinnoh Leader Volkner",3,moves,"Ambipom","[]","['baton pass', 'double-edge', 'natural gift', 'substitute']"
"Sinnoh Leader Volkner",4,ability,"Electivire","","lonely"
"Sinnoh Leader Volkner",4,moves,"Electivire","[]","['double-edge', 'focus blast', 'quick attack', 'temper flare']"
"Socialite Grace",0,ability,"Lilligant","","chlorophyll"
"Socialite Grace",0,moves,"Lilligant","[]","['quiver dance', 'solar beam', 'stored power', 'teeter dance']"
"Socialite Grace",1,ability,"Chandelure","","lax"
"Socialite Grace",1,moves,"Chandelure","[]","['calm mind', 'mystical fire', 'psychic', 'shadow ball']"
"Socialite Grace",2,ability,"Chimecho","","gentle"
"Socialite Grace",2,moves,"Chimecho","[]","['blizzard', 'hypnosis', 'inferno', 'uproar']"
"Socialite Grace",3,ability,"Starmie","","patient"
"Socialite Grace",3,moves,"Starmie","[]","['future sight', 'ice beam', 'psychic', 'surf']"
"Socialite Grace",4,ability,"Persian","","sniper"
"Socialite Grace",4,moves,"Persian","[]","['crush claw', 'iron tail', 'night slash', 'u-turn']"
"Subway Boss Emmet",0,ability,"Pinsir","","mold breaker"
"Subway Boss Emmet",0,moves,"Pinsir","[]","['drill run', 'lunge', 'rock climb', 'superpower']"
"Subway Boss Emmet",1,ability,"Chandelure","","careful"
"Subway Boss Emmet",1,moves,"Chandelure","[]","['energy ball', 'flame burst', 'shadow ball', 'smog']"
"Subway Boss Ingo",0,ability,"Eelektross","","thunderbolt flamethrower sludge bomb muddy water"
"Subway Boss Ingo",1,ability,"Skarmory","","sturdy"
"Subway Boss Ingo",1,moves,"Skarmory","[]","['iron head', 'night slash', 'sky drop', 'swords dance']"
"Twins Lia & Lily",0,ability,"MIMEJR.","","filter"
"Twins Lia & Lily",0,moves,"MIMEJR.","[]","['concuss', 'fake out', 'heart stamp', 'reflect']"
"Twins Lia & Lily",1,ability,"Bonsly","","prankster"
"Twins Lia & Lily",1,moves,"Bonsly","[]","['bullet seed', 'light screen', 'rock slide', 'thunder wave']"
"Twins Lia & Lily",2,ability,"Murkrow","","prankster"
"Twins Lia & Lily",2,moves,"Murkrow","[]","['beat up', 'icy wind', 'pluck', 'will-o-wisp']"
"Twins Lia & Lily",3,ability,"Misdreavus","","hardy"
"Twins Lia & Lily",3,moves,"Misdreavus","[]","['disarming voice', 'hex', 'magical leaf', 'thunder wave']"
"Twins Sola & Ana",0,ability,"Jumpluff","","wind rider"
"Twins Sola & Ana",0,moves,"Jumpluff","[]","['acrobatics', 'captivate', 'sleep powder', 'tailwind']"
"Twins Sola & Ana",1,ability,"Mawile","","intimidate"
"Twins Sola & Ana",1,moves,"Mawile","[]","['iron tail', 'rock slide', 'strength', 'swords dance']"
"Twins Sola & Ana",2,ability,"Granbull","","hustle"
"Twins Sola & Ana",2,moves,"Granbull","[]","['brick break', 'crunch', 'play rough', 'retaliate']"
"Twins Sola & Ana",3,ability,"Delibird","","refrigerate"
"Twins Sola & Ana",3,moves,"Delibird","[]","['dizzy punch', 'fake out', 'last resort', 'return']"
"Twins Sola & Ana",4,ability,"Azumarill","","huge power"
"Twins Sola & Ana",4,moves,"Azumarill","[]","['focus punch', 'none', 'waterfall']"
"Twins Tara & Val",0,ability,"Jellicent","","water absorb"
"Twins Tara & Val",0,moves,"Jellicent","[]","['bitter malice', 'brine', 'hex', 'toxic']"
"Twins Tara & Val",1,ability,"Pachirisu","","prankster"
"Twins Tara & Val",1,moves,"Pachirisu","[]","['attract', 'dazzling gleam', 'shock wave', 'thunder wave']"
"Twins Tara & Val",2,ability,"Delibird","","refrigerate"
"Twins Tara & Val",2,moves,"Delibird","[]","['air cutter', 'double slap', 'fake out', 'hyper voice']"
"Twins Tara & Val",3,ability,"Kangaskhan","","adamant"
"Twins Tara & Val",3,moves,"Kangaskhan","[]","['breaking swipe', 'drain punch', 'feint attack', 'take down']"
"Worker Friedrich",0,ability,"Archeops","","unnerve"
"Worker Friedrich",0,moves,"Archeops","[]","['dragon pulse', 'dual wingbeat', 'fire fang', 'rock slide']"
"Worker Friedrich",1,ability,"Magnezone","","impish"
"Worker Friedrich",1,moves,"Magnezone","[]","['aurora beam', 'bug buzz', 'discharge', 'light screen']"
"Worker Friedrich",2,ability,"Sigilyph","","tenacity"
"Worker Friedrich",2,moves,"Sigilyph","[]","['air slash', 'energy ball', 'psyshock', 'weather ball']"
"Worker Isaac",0,ability,"Magnemite","","sturdy"
"Worker Isaac",0,moves,"Magnemite","[]","['light screen', 'mirror shot', 'shock wave', 'volt switch']"
"Worker Isaac",1,ability,"Magby","","turboblaze"
"Worker Isaac",1,moves,"Magby","[]","['drain punch', 'fire punch', 'poison gas', 'smog']"
"Worker Isaac",2,ability,"Timburr","","guts"
"Worker Isaac",2,moves,"Timburr","[]","['drain punch', 'ice punch', 'mach punch', 'scary face']"
"Worker Isaac",3,ability,"Cranidos","","sheer force"
"Worker Isaac",3,moves,"Cranidos","[]","['breaking swipe', 'fire blast', 'headbutt', 'rock tomb']"
"Worker Maynard",0,ability,"Sandslash","","sand force"
"Worker Maynard",0,moves,"Sandslash","[]","['earthquake', 'rock climb', 'spin out', 'steamroller']"
"Worker Maynard",1,ability,"Mamoswine","","berserk"
"Worker Maynard",1,moves,"Mamoswine","[]","['bulldoze', 'freeze-dry', 'rock tomb', 'strength']"
"Worker Maynard",2,ability,"Torterra","","solid rock"
"Worker Maynard",2,moves,"Torterra","[]","['avalanche', 'earthquake', 'ingrain', 'recover']"
"Worker Mitchell",0,ability,"Marshtomp","","sheer force"
"Worker Mitchell",0,moves,"Marshtomp","[]","['bulldoze', 'icy wind', 'rock smash', 'scald']"
"Worker Mitchell",1,ability,"Elgyem","","levitate"
"Worker Mitchell",1,moves,"Elgyem","[]","['signal beam', 'spark', 'supersonic', 'telekinesis']"
"Worker Mitchell",2,ability,"Klink","","levitate"
"Worker Mitchell",2,moves,"Klink","[]","['double hit', 'metal claw', 'rock smash', 'shift gear']"
"Worker Mitchell",3,ability,"Archen","","unnerve"
"Worker Mitchell",3,moves,"Archen","[]","['flame burst', 'pluck', 'rock smash', 'rock tomb']"
"Worker Nathan",0,ability,"Stunky","","flare boost"
"Worker Nathan",0,moves,"Stunky","[]","['icy wind', 'incinerate', 'snarl', 'venoshock']"
"Worker Nathan",1,ability,"Combusken","","speed boost"
"Worker Nathan",1,moves,"Combusken","[]","['detect', 'double kick', 'incinerate', 'pluck']"
"Worker Nathan",2,ability,"Graveler","","sturdy"
"Worker Nathan",2,moves,"Graveler","[]","['accelerock', 'bone club', 'rock slide', 'rock smash']"
"Worker Nathan",3,ability,"Beldum","","tough claws"
"Worker Nathan",3,moves,"Beldum","[]","['bullet punch', 'metal claw', 'rock smash', 'take down']"
"Worker Niel",0,ability,"Mawile","","sheer force"
"Worker Niel",0,moves,"Mawile","[]","['fire blast', 'ice beam', 'iron head', 'play rough']"
"Worker Niel",1,ability,"Cacturne","","sand rush"
"Worker Niel",1,moves,"Cacturne","[]","['needle arm', 'phantom strike', 'sand tomb', 'sludge bomb']"
"Worker Noel",0,ability,"Cradily","","patient"
"Worker Noel",0,moves,"Cradily","[]","['earth power', 'giga drain', 'recover', 'weather ball']"
"Worker Noel",1,ability,"Magcargo","","water absorb"
"Worker Noel",1,moves,"Magcargo","[]","['ancient power', 'lava plume', 'rollout', 'self-destruct']"
"Worker Noel",2,ability,"Lairon","","determined"
"Worker Noel",2,moves,"Lairon","[]","['blizzard', 'outrage', 'rock wrecker', 'thunder']"
"Worker Noel",3,ability,"Typhlosion","","gentle"
"Worker Noel",3,moves,"Typhlosion","[]","['endure', 'flamethrower', 'mud bomb', 'u-turn']"
"Worker Noel",4,ability,"Aerodactyl","","naughty"
"Worker Noel",4,moves,"Aerodactyl","[]","['crunch', 'dual wingbeat', 'rock climb', 'steel wing']"
"Worker Pasqual",0,ability,"Nidoqueen","","sheer force"
"Worker Pasqual",0,moves,"Nidoqueen","[]","['flamethrower', 'ice beam', 'sludge bomb', 'thunderbolt']"
"Worker Pasqual",1,ability,"Lunatone","","solid rock"
"Worker Pasqual",1,moves,"Lunatone","[]","['ice beam', 'meteor beam', 'moonblast', 'mystical fire']"
"Worker Pasqual",2,ability,"Sudowoodo","","determined"
"Worker Pasqual",2,moves,"Sudowoodo","[]","['double-edge', 'hammer arm', 'head smash', 'wood hammer']"
"Worker Pasqual",3,ability,"Skarmory","","sturdy"
"Worker Pasqual",3,moves,"Skarmory","[]","['drill run', 'dual wingbeat', 'rock slide', 'steel wing']"
"Worker Pasqual",4,ability,"Gabite","","sand veil"
"Worker Pasqual",4,moves,"Gabite","[]","['drill run', 'dual chop', 'swords dance', 'temper flare']"
"Worker Scott",0,ability,"Swoobat","","friend guard"
"Worker Scott",0,moves,"Swoobat","[]","['acrobatics', 'dazzling gleam', 'hypnosis', 'u-turn']"
"Worker Scott",1,ability,"Gurdurr","","iron fist"
"Worker Scott",1,moves,"Gurdurr","[]","['bullet punch', 'drain punch', 'mach punch', 'scary face']"
"Worker Scott",2,ability,"Magmar","","turboblaze"
"Worker Scott",2,moves,"Magmar","[]","['brick break', 'flame burst', 'poison jab', 'smokescreen']"
"Worker Scott",3,ability,"Zweilous","","hustle"
"Worker Scott",3,moves,"Zweilous","[]","['brutal swing', 'devour', 'rock slide', 'thunder fang']"
"Worker Scott",4,ability,"Rhydon","","solid rock"
"Worker Scott",4,moves,"Rhydon","[]","['bone rush', 'natural gift', 'rock blast', 'rock smash']"
"Worker Tavarius",0,ability,"Gigalith","","sturdy"
"Worker Tavarius",0,moves,"Gigalith","[]","['energy ball', 'flash cannon', 'thunderbolt', 'weather ball']"
"Worker Tavarius",1,ability,"Steelix","","sheer force"
"Worker Tavarius",1,moves,"Steelix","[]","['crunch', 'fire fang', 'iron tail', 'thunder fang']"
"Worker Tibor",0,ability,"Golem","","sturdy"
"Worker Tibor",0,moves,"Golem","[]","['brick break', 'drill run', 'gyro ball', 'rock climb']"
"Worker Tibor",1,ability,"Dodrio","","sand rush"
"Worker Tibor",1,moves,"Dodrio","[]","['blaze kick', 'drill peck', 'drill run', 'flail']"
"Worker Tibor",2,ability,"Darmanitan-Zen","","gentle"
"Worker Tibor",2,moves,"Darmanitan-Zen","[]","['aura sphere', 'dream eater', 'mystical fire', 'power gem']"
"Worker Tibor",3,ability,"Cofagrigus","","brave"
"Worker Tibor",3,moves,"Cofagrigus","[]","['grudge', 'magnet bomb', 'power gem', 'scorching sands']"
"Worker Victor",0,ability,"Rotom","","levitate"
"Worker Victor",0,moves,"Rotom","[]","['discharge', 'glaciate', 'scald', 'volt switch']"
"Worker Victor",1,ability,"Abomasnow","","filter"
"Worker Victor",1,moves,"Abomasnow","[]","['ice punch', 'ingrain', 'recover', 'water pulse']"
"Worker Victor",2,ability,"Sealeo","","ice body"
"Worker Victor",2,moves,"Sealeo","[]","['avalanche', 'body slam', 'dive', 'slack off']"
"Worker Victor",3,ability,"Beartic","","swift swim"
"Worker Victor",3,moves,"Beartic","[]","['icicle crash', 'rock slide', 'strength', 'waterfall']"
"Worker Zack",0,ability,"Bibarel","","huge power"
"Worker Zack",0,moves,"Bibarel","[]","['amnesia', 'aqua jet', 'barrage', 'headbutt']"
"Worker Zack",1,ability,"Haunter","","shadow tag"
"Worker Zack",1,moves,"Haunter","[]","['bitter malice', 'hex', 'psychic', 'sludge']"
"Worker Zack",2,ability,"Gabite","","rough skin"
"Worker Zack",2,moves,"Gabite","[]","['breaking swipe', 'bulldoze', 'rock tomb', 'swords dance']"
"Worker Zack",3,ability,"Machoke","","no guard"
"Worker Zack",3,moves,"Machoke","[]","['body slam', 'cross chop', 'payback', 'seismic toss']"
"Youngster Kenny",0,ability,"Elekid","","static"
"Youngster Kenny",0,moves,"Elekid","[]","['karate chop', 'light screen', 'nuzzle', 'swift']"
"Youngster Kenny",1,ability,"Bagon","","sheer force"
"Youngster Kenny",1,moves,"Bagon","[]","['dragon rage', 'ember', 'headbutt', 'rock throw']"
"Youngster Kenny",2,ability,"Totodile","","rough skin"
"Youngster Kenny",2,moves,"Totodile","[]","['aqua jet', 'bite', 'metal claw', 'screech']"
"Youngster Kenny",3,ability,"Oddish","","chlorophyll"
"Youngster Kenny",3,moves,"Oddish","[]","['absorb', 'acid spray', 'disarming voice', 'stun spore']"
"Youngster Masahiro",0,ability,"Lickitung","","gourmand"
"Youngster Masahiro",0,moves,"Lickitung","[]","['body slam', 'lick', 'natural gift', 'thunder wave']"
"Youngster Masahiro",1,ability,"Grovyle","","hyper cutter"
"Youngster Masahiro",1,moves,"Grovyle","[]","['breaking swipe', 'cut', 'razor leaf', 'u-turn']"
"Youngster Masahiro",2,ability,"Luxio","","guts"
"Youngster Masahiro",2,moves,"Luxio","[]","['beat up', 'bulk up', 'headbutt', 'spark']"
"Youngster Masahiro",3,ability,"Dustox","","merciless"
"Youngster Masahiro",3,moves,"Dustox","[]","['psybeam', 'struggle bug', 'toxic', 'venoshock']"
"Youngster Pedro",0,ability,"Sentret","","adaptability"
"Youngster Pedro",0,moves,"Sentret","[]","['bite', 'flame charge', 'quick attack', 'secret power']"
"Youngster Pedro",1,ability,"Hoothoot","","overcoat"
"Youngster Pedro",1,moves,"Hoothoot","[]","['air cutter', 'astonish', 'glare', 'icy wind']"
"Youngster Pedro",2,ability,"Phanpy","","battle armor"
"Youngster Pedro",2,moves,"Phanpy","[]","['bulldoze', 'curse', 'rock throw', 'take down']"
"Youngster Pedro",3,ability,"Slakoth","","truant"
"Youngster Pedro",3,moves,"Slakoth","[]","['fury swipes', 'secret power', 'slack off', 'work up']"
"Youngster Petey",0,ability,"Mankey","","defiant"
"Youngster Petey",0,moves,"Mankey","[]","['covet', 'fury swipes', 'karate chop', 'low kick']"
"Youngster Petey",1,ability,"Teddiursa","","anger point"
"Youngster Petey",1,moves,"Teddiursa","[]","['pursuit', 'sand attack', 'stomp', 'tackle']"
"Youngster Petey",2,ability,"Silcoon","","resilient"
"Youngster Petey",2,moves,"Silcoon","[]","['disarming voice', 'iron defense', 'poison sting', 'struggle bug']"
"Youngster Terrell",0,ability,"Patrat","","patient"
"Youngster Terrell",0,moves,"Patrat","[]","['bite', 'leer', 'pursuit', 'tackle']"
"Youngster Terrell",1,ability,"Pidove","","resilient"
"Youngster Terrell",1,moves,"Pidove","[]","['mud-slap', 'pluck', 'quick attack', 'sand attack']"
"Youngster Waylon",0,ability,"Monferno","","blaze"
"Youngster Waylon",0,moves,"Monferno","[]","['fake out', 'flame burst', 'force palm', 'mach punch']"
"Youngster Waylon",1,ability,"Spoink","","hustle"
"Youngster Waylon",1,moves,"Spoink","[]","['bounce', 'concuss', 'confuse ray', 'pursuit']"
"Youngster Waylon",2,ability,"Kricketune","","naughty"
"Youngster Waylon",2,moves,"Kricketune","[]","['mega drain', 'mud-slap', 'rapid spin', 'struggle bug']"
"Youngster Waylon",3,ability,"Gligar","","tough claws"
"Youngster Waylon",3,moves,"Gligar","[]","['bone club', 'metal claw', 'night slash', 'wing attack']"
